msg_id,date_url,text
rbc_news/134446,https://t.me/rbc_news/134446,"¬´–õ—É–∫–æ–π–ª¬ª –Ω–∞–º–µ—Ä–µ–Ω –ø—Ä–æ–¥–∞—Ç—å —Å–≤–æ–∏ –∑–∞—Ä—É–±–µ–∂–Ω—ã–µ –∞–∫—Ç–∏–≤—ã –ø–æ—Å–ª–µ –≤–≤–µ–¥–µ–Ω–∏—è —Å–∞–Ω–∫—Ü–∏–π –ø—Ä–æ—Ç–∏–≤ –∫–æ–º–ø–∞–Ω–∏–∏, –≥–æ–≤–æ—Ä–∏—Ç—Å—è –Ω–∞ —Å–∞–π—Ç–µ –æ—Ä–≥–∞–Ω–∏–∑–∞—Ü–∏–∏. ¬´–ü—Ä–æ–¥–∞–∂–∞ –∞–∫—Ç–∏–≤–æ–≤ –æ—Å—É—â–µ—Å—Ç–≤–ª—è–µ—Ç—Å—è –≤ —Å–æ–æ—Ç–≤–µ—Ç—Å—Ç–≤–∏–∏ —Å –ª–∏—Ü–µ–Ω–∑–∏–µ–π OFAC –Ω–∞ —Å–≤–æ—Ä–∞—á–∏–≤–∞–Ω–∏–µ –¥–µ—è—Ç–µ–ª—å–Ω–æ—Å—Ç–∏. –ü—Ä–∏ –Ω–µ–æ–±—Ö–æ–¥–∏–º–æ—Å—Ç–∏ –∫–æ–º–ø–∞–Ω–∏—è –ø–ª–∞–Ω–∏—Ä—É–µ—Ç –ø–æ–¥–∞—Ç—å –∑–∞—è–≤–∫—É –Ω–∞ –ø—Ä–æ–¥–ª–µ–Ω–∏–µ –ª–∏—Ü–µ–Ω–∑–∏–∏ –¥–ª—è –æ–±–µ—Å–ø–µ—á–µ–Ω–∏—è –±–µ—Å–ø–µ—Ä–µ–±–æ–π–Ω–æ–π —Ä–∞–±–æ—Ç—ã —Å–≤–æ–∏—Ö –∑–∞—Ä—É–±–µ–∂–Ω—ã—Ö –∞–∫—Ç–∏–≤–æ–≤¬ª. üêö –ß–∏—Ç–∞—Ç—å –†–ë–ö –≤ Telegram"
rbc_news/134447,https://t.me/rbc_news/134447,"–í–∞—à–∏–Ω–≥—Ç–æ–Ω –¥–∞–ª –ë–µ—Ä–ª–∏–Ω—É –ø–æ–ª–≥–æ–¥–∞ –¥–ª—è —É—Ä–µ–≥—É–ª–∏—Ä–æ–≤–∞–Ω–∏—è –≤–æ–ø—Ä–æ—Å–∞ –æ –ø—Ä–∞–≤–∞—Ö —Å–æ–±—Å—Ç–≤–µ–Ω–Ω–æ—Å—Ç–∏ –Ω–∞ –Ω–µ–º–µ—Ü–∫–∏–µ –∞–∫—Ç–∏–≤—ã —Ä–æ—Å—Å–∏–π—Å–∫–æ–π –Ω–µ—Ñ—Ç—è–Ω–æ–π –∫–æ–º–ø–∞–Ω–∏–∏ –ü–ê–û ¬´–†–æ—Å–Ω–µ—Ñ—Ç—å¬ª, –ø–∏—à–µ—Ç Bloomberg —Å–æ —Å—Å—ã–ª–∫–æ–π –Ω–∞ –æ—Å–≤–µ–¥–æ–º–ª–µ–Ω–Ω—ã–µ –∏—Å—Ç–æ—á–Ω–∏–∫–∏. –ü—Ä–∞–≤–∏—Ç–µ–ª—å—Å—Ç–≤–æ –§–†–ì –≤ —Å–µ–Ω—Ç—è–±—Ä–µ 2022 –≥–æ–¥–∞ –ø–µ—Ä–µ–¥–∞–ª–æ –∫–æ–º–ø–∞–Ω–∏–∏ Rosneft Deutschland –∏ RN Refining & Marketing GmbH –ø–æ–¥ —É–ø—Ä–∞–≤–ª–µ–Ω–∏–µ –§–µ–¥–µ—Ä–∞–ª—å–Ω–æ–≥–æ —Å–µ—Ç–µ–≤–æ–≥–æ –∞–≥–µ–Ω—Ç—Å—Ç–≤–∞ –ì–µ—Ä–º–∞–Ω–∏–∏. –¢–∞–∫–∏–º –æ–±—Ä–∞–∑–æ–º, –æ–Ω–æ –ø–æ–ª—É—á–∏–ª–æ –∫–æ–Ω—Ç—Ä–æ–ª—å –Ω–∞–¥ –¥–æ–ª—è–º–∏ —Ç—Ä–µ—Ö –Ω–µ—Ñ—Ç–µ–ø–µ—Ä–µ—Ä–∞–±–∞—Ç—ã–≤–∞—é—â–∏—Ö –∑–∞–≤–æ–¥–æ–≤: PCK –≤ –®–≤–µ–¥—Ç–µ, Miro –≤ –ö–∞—Ä–ª—Å—Ä—É—ç –∏ Bayernoil –≤ –í–æ–≥–±—É—Ä–≥–µ. –°—Ä–æ–∫ –≤–Ω–µ—à–Ω–µ–≥–æ —É–ø—Ä–∞–≤–ª–µ–Ω–∏—è –Ω–µ–æ–¥–Ω–æ–∫—Ä–∞—Ç–Ω–æ –ø—Ä–æ–¥–ª–µ–≤–∞–ª—Å—è. üêö –ß–∏—Ç–∞—Ç—å –†–ë–ö –≤ Telegram"
rbc_news/134448,https://t.me/rbc_news/134448,"–¢—Ä–∏ —á–µ–ª–æ–≤–µ–∫–∞ –ø–æ—Å—Ç—Ä–∞–¥–∞–ª–∏ –≤ —Ä–µ–∑—É–ª—å—Ç–∞—Ç–µ —É–¥–∞—Ä–∞ –¥—Ä–æ–Ω–∞ –í–°–£ –ø–æ –∞–≤—Ç–æ–º–æ–±–∏–ª—é –≤ –ë—Ä—è–Ω—Å–∫–æ–π –æ–±–ª–∞—Å—Ç–∏, —Å–æ–æ–±—â–∏–ª –≥—É–±–µ—Ä–Ω–∞—Ç–æ—Ä –ê–ª–µ–∫—Å–∞–Ω–¥—Ä –ë–æ–≥–æ–º–∞–∑. ¬´–¢—Ä–∏ –∂–µ–Ω—â–∏–Ω—ã —Å –º–Ω–æ–∂–µ—Å—Ç–≤–µ–Ω–Ω—ã–º–∏ –æ—Å–∫–æ–ª–æ—á–Ω—ã–º–∏ —Ä–∞–Ω–µ–Ω–∏—è–º–∏ –¥–æ—Å—Ç–∞–≤–ª–µ–Ω—ã –≤ –±–æ–ª—å–Ω–∏—Ü—É, –≥–¥–µ –∏–º –æ–∫–∞–∑–∞–Ω–∞ –≤—Å—è –Ω–µ–æ–±—Ö–æ–¥–∏–º–∞—è –º–µ–¥–∏—Ü–∏–Ω—Å–∫–∞—è –ø–æ–º–æ—â—å.–ê–≤—Ç–æ–º–æ–±–∏–ª—å –ø–æ–ª—É—á–∏–ª –º–µ—Ö–∞–Ω–∏—á–µ—Å–∫–∏–µ –ø–æ–≤—Ä–µ–∂–¥–µ–Ω–∏—è¬ª. üêö –ß–∏—Ç–∞—Ç—å –†–ë–ö –≤ Telegram"
rbc_news/134449,https://t.me/rbc_news/134449,"31 –æ–∫—Ç—è–±—Ä—è –≤ –¶–µ–Ω—Ç—Ä–µ —Å–æ–±—ã—Ç–∏–π –†–ë–ö –ø—Ä–æ–π–¥–µ—Ç —Ñ–æ—Ä—É–º –†–ë–ö Tech, –ø–æ—Å–≤—è—â–µ–Ω–Ω—ã–π —Ü–∏—Ñ—Ä–æ–≤–æ–º—É –∏ –∏–Ω–Ω–æ–≤–∞—Ü–∏–æ–Ω–Ω–æ–º—É —Ä–∞–∑–≤–∏—Ç–∏—é –†–æ—Å—Å–∏–∏. –ù–∞ –º–µ—Ä–æ–ø—Ä–∏—è—Ç–∏–∏ –æ–±—Å—É–¥—è—Ç —Ä–∏—Å–∫–∏ –∏ –ø–µ—Ä—Å–ø–µ–∫—Ç–∏–≤—ã –≤–Ω–µ–¥—Ä–µ–Ω–∏—è –ø–µ—Ä–µ–¥–æ–≤—ã—Ö —Ç–µ—Ö–Ω–æ–ª–æ–≥–∏–π –≤ —Ä–æ—Å—Å–∏–π—Å–∫–∏–π –±–∏–∑–Ω–µ—Å. –≠–∫—Å–ø–µ—Ä—Ç—ã —Ä–∞—Å—Å–º–æ—Ç—Ä—è—Ç, –∫–∞–∫ B2B-—Ä–µ—à–µ–Ω–∏—è —Å—Ç–∞–Ω–æ–≤—è—Ç—Å—è –¥—Ä–∞–π–≤–µ—Ä–æ–º —Ä–æ—Å—Ç–∞ –∫–æ–º–ø–∞–Ω–∏–π, —Ñ–æ—Ä–º–∏—Ä—É—è –±—É–¥—É—â–µ–µ —Ä—ã–Ω–∫–∞ –∏ –∑–∞–¥–∞–≤–∞—è –Ω–æ–≤—ã–µ —Å—Ç–∞–Ω–¥–∞—Ä—Ç—ã —ç—Ñ—Ñ–µ–∫—Ç–∏–≤–Ω–æ—Å—Ç–∏. –°—Ä–µ–¥–∏ –∫–ª—é—á–µ–≤—ã—Ö —Ç–µ–º —Ñ–æ—Ä—É–º–∞ ‚Äî —ç–≤–æ–ª—é—Ü–∏—è —Ç–µ—Ö–Ω–æ–ª–æ–≥–∏—á–µ—Å–∫–∏—Ö –≤–µ–Ω–¥–æ—Ä–æ–≤, —Ä–∞–∑–≤–∏—Ç–∏–µ –ø—Ä–æ–º—ã—à–ª–µ–Ω–Ω–æ–π –±–µ–∑–æ–ø–∞—Å–Ω–æ—Å—Ç–∏, –ø—Ä–æ—Ç–∏–≤–æ–¥–µ–π—Å—Ç–≤–∏–µ –∫–∏–±–µ—Ä–º–æ—à–µ–Ω–Ω–∏—á–µ—Å—Ç–≤—É –∏ —Ä–æ–ª—å –≥–æ—Å—É–¥–∞—Ä—Å—Ç–≤–∞ –≤ –ø–æ–¥–¥–µ—Ä–∂–∫–µ –∏–Ω–Ω–æ–≤–∞—Ü–∏–π. –°—Ä–µ–¥–∏ –ø—Ä–∏–≥–ª–∞—à–µ–Ω–Ω—ã—Ö —ç–∫—Å–ø–µ—Ä—Ç–æ–≤ ‚Äî –í–∞–ª–µ—Ä–∏–π –ï—Ä–º–∞–∫–æ–≤ (–†–æ—Å—Ç–µ–ª–µ–∫–æ–º), –°–µ—Ä–≥–µ–π –ö—Ä—ã–ª–æ–≤ (–°–±–µ—Ä–±–∞–Ω–∫), –ê–ª–µ–∫—Å–∞–Ω–¥—Ä –ö–æ—Å—Ç–∏–Ω (–•5 Tech), –ê–Ω–¥—Ä–µ–π –ï–≤–¥–æ–∫–∏–º–æ–≤ (–ë–∞–π–∫–∞–ª –≠–ª–µ–∫—Ç—Ä–æ–Ω–∏–∫—Å), –û–ª–µ–≥ –ö–æ–Ω–æ—Ä–µ–≤ (–ë–∏–ª–∞–π–Ω). –ü–æ–¥—Ä–æ–±–Ω–µ–µ –æ –ø—Ä–æ–≥—Ä–∞–º–º–µ —Ñ–æ—Ä—É–º–∞ ‚Äî –Ω–∞ —Å–∞–π—Ç–µ. –†–ë–ö Events, 18+"
rbc_news/134450,https://t.me/rbc_news/134450,"–†–ë–ö –∏ –¶–£–ú –ø—Ä–æ–≤–µ–ª–∏ —Å–æ–≤–º–µ—Å—Ç–Ω—ã–π fashion-–ø–æ–∫–∞–∑: –∫–∞–∫ —ç—Ç–æ –±—ã–ª–æ –û–±—ã—á–Ω–æ –¶–µ–Ω—Ç—Ä —Å–æ–±—ã—Ç–∏–π –†–ë–ö –ø—Ä–∏–Ω–∏–º–∞–µ—Ç –¥–µ–ª–æ–≤—ã–µ –∫–æ–Ω—Ñ–µ—Ä–µ–Ω—Ü–∏–∏ –∏ –ø–∞–±–ª–∏–∫-—Ç–æ–∫–∏, –Ω–æ 23 –æ–∫—Ç—è–±—Ä—è —Å—Ç—É–ª—å—è –≤ –∑–∞–ª–µ –±—ã–ª–∏ —Ä–∞—Å—Å—Ç–∞–≤–ª–µ–Ω—ã –∏–Ω–∞—á–µ ‚Äî –≤–æ–∫—Ä—É–≥ –ø–æ–¥–∏—É–º–∞ –µ–∂–µ—Å–µ–∑–æ–Ω–Ω–æ–≥–æ TSUM Fashion Show, –∫–æ—Ç–æ—Ä–æ–µ –≤–ø–µ—Ä–≤—ã–µ –ø—Ä–æ—à–ª–æ –≤ –∫–æ–ª–ª–∞–±–æ—Ä–∞—Ü–∏–∏ —Å –†–ë–ö. –≠—Ç–æ —Å—Ç–∞–ª–æ –≤–æ–∑–º–æ–∂–Ω—ã–º —Ç–æ–ª—å–∫–æ –≤ –∫–æ–Ω—Ç–µ–∫—Å—Ç–µ —Ç–∞–∫–æ–≥–æ –º–µ—Ä–æ–ø—Ä–∏—è—Ç–∏—è, –∫–∞–∫ #–†–ë–öVOYAHFashionReview. –ö–∞–∫–∏–µ –æ–±—Ä–∞–∑—ã, —Å–º—ã—Å–ª—ã –∏ –≥–æ—Å—Ç–∏ –±—ã–ª–∏ –Ω–∞ –ø–æ–∫–∞–∑–µ (—Å–ø–æ–π–ª–µ—Ä: –í–ª–∞–¥ –õ–∏—Å–æ–≤–µ—Ü, –í–∏–∫–∞ –ß—É–º–∞, –Æ–ª–∏–∞–Ω–Ω–∞ –ö–∞—Ä–∞—É–ª–æ–≤–∞, –°–∞—à–∞ –°—É–ª–∏–º, –ü–æ–ª–∏–Ω–∞ –ö–∏—Ü–µ–Ω–∫–æ –∏ –Ω–µ —Ç–æ–ª—å–∫–æ), —á–∏—Ç–∞–π—Ç–µ –≤ –º–∞—Ç–µ—Ä–∏–∞–ª–µ. üêö –ß–∏—Ç–∞—Ç—å –†–ë–ö –°—Ç–∏–ª—å –≤ Telegram"
rbc_news/134459,https://t.me/rbc_news/134459,"–í –ß–µ—á–Ω–µ –ø–æ—è–≤–∏—Ç—Å—è –ü—É—Ç–∏–Ω—Å–∫–∏–π —Ä–∞–π–æ–Ω–Ω—ã–π —Å—É–¥. 28 –æ–∫—Ç—è–±—Ä—è –ø–ª–µ–Ω—É–º –í–µ—Ä—Ö–æ–≤–Ω–æ–≥–æ —Å—É–¥–∞ –†–æ—Å—Å–∏–∏ –ø—Ä–æ–≤–µ–¥–µ—Ç –∑–∞—Å–µ–¥–∞–Ω–∏–µ, –Ω–∞ –∫–æ—Ç–æ—Ä–æ–º –æ–±—Å—É–¥—è—Ç –ø—Ä–æ–µ–∫—Ç —Ñ–µ–¥–µ—Ä–∞–ª—å–Ω–æ–≥–æ –∑–∞–∫–æ–Ω–∞ –æ —Å–æ–∑–¥–∞–Ω–∏–∏ —Å—É–¥–∞ –ü—É—Ç–∏–Ω—Å–∫–æ–≥–æ —Ä–∞–π–æ–Ω–∞ –≤ –ì—Ä–æ–∑–Ω–æ–º. –ü—Ä–æ–µ–∫—Ç –§–ó –ø–ª–∞–Ω–∏—Ä—É—é—Ç –≤–Ω–µ—Å—Ç–∏ –≤ –ì–æ—Å–¥—É–º—É. –†–∞–Ω–µ–µ –≥–ª–∞–≤–∞ –ß–µ—á–Ω–∏ –†–∞–º–∑–∞–Ω –ö–∞–¥—ã—Ä–æ–≤ —Å–æ–æ–±—â–∞–ª, —á—Ç–æ —Å—Ç—Ä–æ–∏—Ç–µ–ª—å—Å—Ç–≤–æ –Ω–æ–≤–æ–≥–æ —Ä–∞–π–æ–Ω–∞, –Ω–∞–∑–≤–∞–Ω–Ω–æ–≥–æ –≤ —á–µ—Å—Ç—å –ø—Ä–µ–∑–∏–¥–µ–Ω—Ç–∞ –†–æ—Å—Å–∏–∏ –í–ª–∞–¥–∏–º–∏—Ä–∞ –ü—É—Ç–∏–Ω–∞, –ø–ª–∞–Ω–∏—Ä—É–µ—Ç—Å—è –∑–∞–≤–µ—Ä—à–∏—Ç—å –∫ 2027 –≥–æ–¥—É. –ù–∞ –ø–ª–æ—â–∞–¥–∏ –æ–∫–æ–ª–æ 200 –≥–µ–∫—Ç–∞—Ä–æ–≤ —Ä–∞–∑–º–µ—Å—Ç—è—Ç 130 –º–Ω–æ–≥–æ–∫–≤–∞—Ä—Ç–∏—Ä–Ω—ã—Ö –¥–æ–º–æ–≤, –º–µ—á–µ—Ç–∏, –¥–µ—Ç—Å–∫–∏–µ —Å–∞–¥—ã –∏ –¥—Ä—É–≥—É—é –∏–Ω—Ñ—Ä–∞—Å—Ç—Ä—É–∫—Ç—É—Ä—É. –ö–∞–¥—ã—Ä–æ–≤ –ø–æ—è—Å–Ω—è–ª –≤ —Å–µ–Ω—Ç—è–±—Ä–µ, —á—Ç–æ —Ä–∞–π–æ–Ω –Ω–∞–∑–≤–∞–Ω –≤ —á–µ—Å—Ç—å –ü—É—Ç–∏–Ω–∞ –≤ –∑–Ω–∞–∫ –±–ª–∞–≥–æ–¥–∞—Ä–Ω–æ—Å—Ç–∏ –∑–∞ –ø–æ–¥–¥–µ—Ä–∂–∫—É –∏ –≤–æ—Å—Å—Ç–∞–Ω–æ–≤–ª–µ–Ω–∏–µ —Ä–µ—Å–ø—É–±–ª–∏–∫–∏. –¶–µ–Ω—Ç—Ä–∞–ª—å–Ω—ã–π –ø—Ä–æ—Å–ø–µ–∫—Ç –ì—Ä–æ–∑–Ω–æ–≥–æ —Å 2008 –≥–æ–¥–∞ —Ç–∞–∫–∂–µ –Ω–æ—Å–∏—Ç –∏–º—è –ø—Ä–µ–∑–∏–¥–µ–Ω—Ç–∞ –†–æ—Å—Å–∏–∏. üêö –ß–∏—Ç–∞—Ç—å –†–ë–ö –≤ Telegram"
rbc_news/134461,https://t.me/rbc_news/134461,"29 –æ–∫—Ç—è–±—Ä—è –ø—Ä–∞–≤–∏—Ç–µ–ª—å—Å—Ç–≤–æ –õ–∏—Ç–≤—ã –Ω–∞–º–µ—Ä–µ–Ω–æ –≤—ã–Ω–µ—Å—Ç–∏ –æ–∫–æ–Ω—á–∞—Ç–µ–ª—å–Ω–æ–µ —Ä–µ—à–µ–Ω–∏–µ –æ –∑–∞–∫—Ä—ã—Ç–∏–∏ –≥—Ä–∞–Ω–∏—Ü—ã —Å –ë–µ–ª–æ—Ä—É—Å—Å–∏–µ–π, —Ö–æ—Ç—è –∏ —Å –Ω–µ–∫–æ—Ç–æ—Ä—ã–º–∏ –∏—Å–∫–ª—é—á–µ–Ω–∏—è–º–∏. –ì—Ä–∞–Ω–∏—Ü—É —Å–º–æ–≥—É—Ç –ø–µ—Ä–µ—Å–µ–∫–∞—Ç—å –¥–∏–ø–ª–æ–º–∞—Ç—ã –∏ –¥–∏–ø–ª–æ–º–∞—Ç–∏—á–µ—Å–∫–∞—è –ø–æ—á—Ç–∞, –≤ —Ä–µ—Å–ø—É–±–ª–∏–∫—É –±—É–¥–µ—Ç —Ç–∞–∫–∂–µ —Ä–∞–∑—Ä–µ—à–µ–Ω –≤—ä–µ–∑–¥ –≥—Ä–∞–∂–¥–∞–Ω–∞–º –õ–∏—Ç–≤—ã –∏ –∂–∏—Ç–µ–ª—è–º —Å—Ç—Ä–∞–Ω –ï–≤—Ä–æ—Å–æ—é–∑–∞. –ü—Ä–µ–∑–∏–¥–µ–Ω—Ç —Ä–µ—Å–ø—É–±–ª–∏–∫–∏ –ø—Ä–µ–¥–ª–æ–∂–∏–ª –±–ª–æ–∫–∏—Ä–æ–≤–∞—Ç—å —Ä–æ—Å—Å–∏–π—Å–∫–∏–π —Ç—Ä–∞–Ω–∑–∏—Ç –≤ –ö–∞–ª–∏–Ω–∏–Ω–≥—Ä–∞–¥. –ü–æ–¥—Ä–æ–±–Ω–µ–µ ‚Äî –≤ –º–∞—Ç–µ—Ä–∏–∞–ª–µ –†–ë–ö. –§–æ—Ç–æ: Motalb / Shutterstock üêö –ß–∏—Ç–∞—Ç—å –†–ë–ö –≤ Telegram"
rbc_news/134462,https://t.me/rbc_news/134462,"–í 2025 –≥–æ–¥—É —Ä–æ—Å—Å–∏–π—Å–∫–∏–µ —Ä–µ–≥–∏–æ–Ω—ã —Å—Ç–∞–ª–∏ –≥–æ—Ç–æ–≤–∏—Ç—å—Å—è –∫ –Ω–æ–≤–æ–≥–æ–¥–Ω–∏–º –ø—Ä–∞–∑–¥–Ω–∏–∫–∞–º –æ—Å–æ–±–µ–Ω–Ω–æ —Ä–∞–Ω–æ. –í –∫—Ä—É–ø–Ω—ã—Ö –≥–æ—Ä–æ–¥–∞—Ö —É–∂–µ –∞–∫—Ç–∏–≤–Ω–æ —É–∫—Ä–∞—à–∞—é—Ç —É–ª–∏—Ü—ã, –ø–∞—Ä–∫–∏ –∏ —Ñ–∞—Å–∞–¥—ã –º–∞–≥–∞–∑–∏–Ω–æ–≤, –∞ –Ω–∞ –ø—Ä–∏–ª–∞–≤–∫–∞—Ö –ø–æ–∫—É–ø–∞—Ç–µ–ª–µ–π –ø—Ä–∏–≤–ª–µ–∫–∞—é—Ç –º–∏—à—É—Ä–∞ –∏ –î–µ–¥—ã –ú–æ—Ä–æ–∑—ã. –ü–æ—á–µ–º—É –¥–µ–∫–æ—Ä–∞—Ç–æ—Ä—ã –∏ —Ä–∏—Ç–µ–π–ª–µ—Ä—ã —Ç–∞–∫ —Ç–æ—Ä–æ–ø—è—Ç—Å—è —Å–æ–∑–¥–∞—Ç—å –ø—Ä–∞–∑–¥–Ω–∏—á–Ω—É—é –∞—Ç–º–æ—Å—Ñ–µ—Ä—É ‚Äî –≤ —ç—Ñ–∏—Ä–µ –†–ë–ö –¢–í. üêö –î—Ä—É–≥–∏–µ –≤–∏–¥–µ–æ —ç—Ç–æ–≥–æ –¥–Ω—è ‚Äî –≤ —Ç–µ–ª–µ–≥—Ä–∞–º-–∫–∞–Ω–∞–ª–µ –†–ë–ö"
rbc_news/134463,https://t.me/rbc_news/134463,"–ó–∞ —Ç—Ä–∏ —á–∞—Å–∞ —É–Ω–∏—á—Ç–æ–∂–µ–Ω—ã 23 –±–µ—Å–ø–∏–ª–æ—Ç–Ω–∏–∫–∞ –í–°–£ –Ω–∞–¥ —Ä–µ–≥–∏–æ–Ω–∞–º–∏ –†–æ—Å—Å–∏–∏, —Å–æ–æ–±—â–∏–ª–∏ –≤ –ú–∏–Ω–æ–±–æ—Ä–æ–Ω—ã. üêö –ß–∏—Ç–∞—Ç—å –†–ë–ö –≤ Telegram"
rbc_news/134464,https://t.me/rbc_news/134464,"–ì–µ–Ω–ø—Ä–æ–¥—é—Å–µ—Ä ¬´–ú–∞—Ç—á –¢–í¬ª –ê–ª–µ–∫—Å–∞–Ω–¥—Ä –¢–∞—â–∏–Ω –≤ –∏–Ω—Ç–µ—Ä–≤—å—é –†–ë–ö –Ω–∞–∑–≤–∞–ª —É—Å–ª–æ–≤–∏—è –ø–æ–∫–∞–∑–∞ –û–ª–∏–º–ø–∏–π—Å–∫–∏—Ö –∏–≥—Ä-2026 –≤ –ò—Ç–∞–ª–∏–∏: —Ä–µ—à–µ–Ω–∏–µ –±—É–¥–µ—Ç –ø—Ä–∏–Ω–∏–º–∞—Ç—å—Å—è –∏—Å—Ö–æ–¥—è –∏–∑ –æ–∫–æ–Ω—á–∞—Ç–µ–ª—å–Ω–æ–π —Å—Ç–æ–∏–º–æ—Å—Ç–∏ —Ç—Ä–∞–Ω—Å–ª—è—Ü–∏–∏ –∏ –∏—Ç–æ–≥–æ–≤–æ–≥–æ —Å–ø–∏—Å–∫–∞ —Ä–æ—Å—Å–∏–π—Å–∫–∏—Ö —Å–ø–æ—Ä—Ç—Å–º–µ–Ω–æ–≤, –∫–æ—Ç–æ—Ä—ã–µ –ø—Ä–∏–º—É—Ç –≤ –Ω–µ–π —É—á–∞—Å—Ç–∏–µ. –¢–µ–º –Ω–µ –º–µ–Ω–µ–µ, –∫–∞–Ω–∞–ª —É–∂–µ –Ω–∞–ø—Ä–∞–≤–∏–ª –≤ –ú–µ–∂–¥—É–Ω–∞—Ä–æ–¥–Ω—ã–π –æ–ª–∏–º–ø–∏–π—Å–∫–∏–π –∫–æ–º–∏—Ç–µ—Ç —Å–≤–æ–µ –∫–æ–º–º–µ—Ä—á–µ—Å–∫–æ–µ –ø—Ä–µ–¥–ª–æ–∂–µ–Ω–∏–µ. ‚ñ™Ô∏è –ê—É–¥–∏—Ç–æ—Ä–∏—è –≤–Ω—É—Ç—Ä–∏—Ä–æ—Å—Å–∏–π—Å–∫–∏—Ö —Ç—É—Ä–Ω–∏—Ä–æ–≤, –ø–æ —Å–ª–æ–≤–∞–º –¢–∞—â–∏–Ω–∞, —Ä–∞—Å—Ç–µ—Ç ‚Äî –∏–Ω—Ç–µ—Ä–µ—Å —Å—É—â–µ—Å—Ç–≤—É–µ—Ç. ¬´–í —ç—Ç–æ–π —á–∞—Å—Ç–∏ –æ—Ç—Å—Ç—Ä–∞–Ω–µ–Ω–∏–µ —Å–ø–æ—Ä—Ç—Å–º–µ–Ω–æ–≤ –æ—Ç –º–µ–∂–¥—É–Ω–∞—Ä–æ–¥–Ω—ã—Ö —Ç—É—Ä–Ω–∏—Ä–æ–≤ –ø–æ—à–ª–æ –≤—Å–µ–º –Ω–∞ –ø–æ–ª—å–∑—É. –ö–∞–∫ —ç—Ç–æ –Ω–∏ —É–∂–∞—Å–Ω–æ –∑–≤—É—á–∏—Ç, –º—ã –Ω–∞–∫–æ–Ω–µ—Ü-—Ç–æ –≤—Å–µ –æ–±—Ä–∞—Ç–∏–ª–∏ –≤–Ω–∏–º–∞–Ω–∏–µ –Ω–∞ —Å–≤–æ–µ¬ª. ‚ñ™Ô∏è ¬´–í –ø–æ—Å–ª–µ–¥–Ω–µ–µ –≤—Ä–µ–º—è —É –Ω–∞—Å –æ—á–µ–Ω—å —Ö–æ—Ä–æ—à–æ —Å—Ç–∞–ª –∑–∞—Ö–æ–¥–∏—Ç—å –±–∏–ª—å—è—Ä–¥, —á—Ç–æ –Ω–µ–æ–∂–∏–¥–∞–Ω–Ω–æ. –ü–æ—è–≤–ª—è–µ—Ç—Å—è —Å–ø—Ä–æ—Å –Ω–∞ –±–æ–ª–µ–µ –∏–Ω—Ç–µ–ª–ª–µ–∫—Ç—É–∞–ª—å–Ω—ã–µ –≤–∏–¥—ã —Å–ø–æ—Ä—Ç–∞¬ª. ‚ñ™Ô∏è ¬´–û–Ω–ª–∞–π–Ω-–∫–∏–Ω–æ—Ç–µ–∞—Ç—Ä—ã, –≤ –æ—Ç–ª–∏—á–∏–µ –æ—Ç –Ω–∞—Å, —Å–∞–º–∏ –Ω–µ –ø—Ä–æ–∏–∑–≤–æ–¥—è—Ç —Å–ø–æ—Ä—Ç–∏–≤–Ω—ã–π –∫–æ–Ω—Ç–µ–Ω—Ç. –û–Ω–∏ –ø–æ–ª—É—á–∞—é—Ç –≥–æ—Ç–æ–≤—ã–π —Å–∏–≥–Ω–∞–ª. –ë–æ–ª–µ–µ —Ç–æ–≥–æ, –æ–Ω–∏ –∏ –≤ –º–∞—Ä–∫–µ—Ç–∏–Ω–≥ –æ—Å–æ–±–æ –Ω–µ –≤–∫–ª–∞–¥—ã–≤–∞—é—Ç—Å—è –∏ –ø–æ–∫—É–ø–∞—é—Ç —É–∂–µ –∑–∞—Ä–∞–Ω–µ–µ —Ä–∞—Å–∫—Ä—É—á–µ–Ω–Ω—ã–µ —Å–æ–±—ã—Ç–∏—è, –≤ –æ—Å–Ω–æ–≤–Ω–æ–º –µ–≤—Ä–æ–ø–µ–π—Å–∫–∏–µ —Ç—É—Ä–Ω–∏—Ä—ã¬ª. –û –ø–æ—Ç–µ–Ω—Ü–∏–∞–ª–µ –ø–æ–∫–∞–∑–∞ –û–ª–∏–º–ø–∏–∞–¥—ã –≤ –†–æ—Å—Å–∏–∏, —Å–ø—Ä–æ—Å–µ –Ω–∞ –ø–∞–¥–µ–ª –∏ –¥—Ä—É–≥–∏—Ö –∏–Ω—Ç–µ—Ä–µ—Å—É—é—â–∏—Ö –∫–∞–Ω–∞–ª —Ç—Ä–∞–Ω—Å–ª—è—Ü–∏—è—Ö —á–∏—Ç–∞–π—Ç–µ –≤ –∏–Ω—Ç–µ—Ä–≤—å—é –ê–ª–µ–∫—Å–∞–Ω–¥—Ä–∞ –¢–∞—â–∏–Ω–∞ –†–ë–ö. üêö –ß–∏—Ç–∞—Ç—å –†–ë–ö –≤ Telegram"
rbc_news/134465,https://t.me/rbc_news/134465,"–ó–∞ –≤—ã—Å–æ–∫–∏–º–∏ –∑–∞—Ä–ø–ª–∞—Ç–∞–º–∏ –ø—Ä–∏–¥–µ—Ç—Å—è –Ω–µ–º–∞–ª–æ –ø—Ä–æ–π—Ç–∏ –ø–µ—à–∫–æ–º. –°–æ–≥–ª–∞—Å–Ω–æ —Å—Ç–∞—Ç–∏—Å—Ç–∏–∫–µ, –∫—É—Ä—å–µ—Ä—ã –æ–±–æ–≥–Ω–∞–ª–∏ –≤ –∑–∞—Ä–ø–ª–∞—Ç–Ω–æ–π –≥–æ–Ω–∫–µ –º–µ–Ω–µ–¥–∂–µ—Ä–æ–≤, –∏–Ω–∂–µ–Ω–µ—Ä–æ–≤, –≤—Ä–∞—á–µ–π –∏ —É–∂–µ ¬´–¥—ã—à–∞—Ç –≤ —Å–ø–∏–Ω—É¬ª –ø—Ä–æ–≥—Ä–∞–º–º–∏—Å—Ç–∞–º. –°—Ä–µ–¥–Ω—è—è –∑–∞—Ä–ø–ª–∞—Ç–∞ –∫—É—Ä—å–µ—Ä–∞ –∑–∞ –æ–¥–∏–Ω –¥–µ–Ω—å —Ä–∞–±–æ—Ç—ã –≤ –ú–æ—Å–∫–≤–µ —É–∂–µ –ø—Ä–µ–≤—ã—Å–∏–ª–∞ 20 —Ç—ã—Å—è—á —Ä—É–±., —Å–ª–µ–¥—É–µ—Ç –∏–∑ –¥–∞–Ω–Ω—ã—Ö –ø–ª–∞—Ç—Ñ–æ—Ä–º—ã ¬´–ö–æ–Ω—Å–æ–ª—å¬ª. –ß—Ç–æ —ç—Ç–æ –∑–Ω–∞—á–∏—Ç, –∫–∞–∫ —Ç—Ä–∞–Ω—Å—Ñ–æ—Ä–º–∏—Ä—É–µ—Ç—Å—è —Ä—ã–Ω–æ–∫ ‚Äî –ø–æ–≥–æ–≤–æ—Ä–∏–ª–∏ —Å —ç–∫—Å–ø–µ—Ä—Ç–∞–º–∏ –≤ —ç—Ñ–∏—Ä–µ –¢–µ–ª–µ–∫–∞–Ω–∞–ª–∞ –†–ë–ö. üêö –î—Ä—É–≥–∏–µ –≤–∏–¥–µ–æ —ç—Ç–æ–≥–æ –¥–Ω—è ‚Äî –≤ —Ç–µ–ª–µ–≥—Ä–∞–º-–∫–∞–Ω–∞–ª–µ –†–ë–ö"
rbc_news/134426,https://t.me/rbc_news/134426,"–û—Ç–∫—Ä—ã—Ç–∏–µ —Ä—É—Å—Å–∫–æ-—Ñ–∏–Ω—Å–∫–æ–π –≥—Ä–∞–Ω–∏—Ü—ã –≤–æ–∑–º–æ–∂–Ω–æ –≤ –±–ª–∏–∂–∞–π—à–µ–º –±—É–¥—É—â–µ–º, –∑–∞—è–≤–∏–ª –ø—Ä–µ–º—å–µ—Ä-–º–∏–Ω–∏—Å—Ç—Ä –§–∏–Ω–ª—è–Ω–¥–∏–∏ –ü–µ—Ç—Ç–µ—Ä–∏ –û—Ä–ø–æ –≤ –∏–Ω—Ç–µ—Ä–≤—å—é —Ç–µ–ª–µ–∫–∞–Ω–∞–ª—É Yle. –ö–∞–∫ —Ä–∞—Å—Å–∫–∞–∑–∞–ª –ø—Ä–µ–º—å–µ—Ä, –¥–µ—Å—è—Ç–∏–ª–µ—Ç–∏—è–º–∏ –†–æ—Å—Å–∏—è –∏ –§–∏–Ω–ª—è–Ω–¥–∏—è –≥–∞—Ä–∞–Ω—Ç–∏—Ä–æ–≤–∞–ª–∏ –¥—Ä—É–≥ –¥—Ä—É–≥—É, —á—Ç–æ –ª–∏—Ü–∞–º –±–µ–∑ —Å–æ–æ—Ç–≤–µ—Ç—Å—Ç–≤—É—é—â–∏—Ö –ø—Ä–æ–µ–∑–¥–Ω—ã—Ö –¥–æ–∫—É–º–µ–Ω—Ç–æ–≤ –Ω–µ –±—É–¥–µ—Ç —Ä–∞–∑—Ä–µ—à–µ–Ω –≤—ä–µ–∑–¥ –Ω–∞ –ø–æ–≥—Ä–∞–Ω–∏—á–Ω—ã–π –ø—É–Ω–∫—Ç. –û—Ä–ø–æ –∑–∞—è–≤–∏–ª, —á—Ç–æ –¥–ª—è –æ—Ç–º–µ–Ω—ã –∑–∞–ø—Ä–µ—Ç–∞ –¥–≤–∏–∂–µ–Ω–∏—è —á–µ—Ä–µ–∑ –≥—Ä–∞–Ω–∏—Ü—É –†–æ—Å—Å–∏—è –¥–æ–ª–∂–Ω–∞ –∑–∞—è–≤–∏—Ç—å –æ –Ω–∞–º–µ—Ä–µ–Ω–∏–∏ –≤–µ—Ä–Ω—É—Ç—å—Å—è –∫ –ø—Ä–æ—à–ª–æ–π –ø—Ä–∞–∫—Ç–∏–∫–µ. –ü–æ —Å–ª–æ–≤–∞–º –û—Ä–ø–æ, —Å–æ —Å—Ç–æ—Ä–æ–Ω—ã –ö—Ä–µ–º–ª—è —Ç–∞–∫–∏—Ö –ø—Ä–µ–¥–ª–æ–∂–µ–Ω–∏–π –Ω–µ –ø–æ—Å—Ç—É–ø–∞–ª–æ. ¬´–ù–∞ –ø–æ—Å–ª–µ–¥–Ω–µ–π –≤—Å—Ç—Ä–µ—á–µ, –∫–æ—Ç–æ—Ä–∞—è –ø—Ä–æ—à–ª–∞ —É–∂–µ –¥–æ–≤–æ–ª—å–Ω–æ –¥–∞–≤–Ω–æ, –±—ã–ª–æ –∑–∞—è–≤–ª–µ–Ω–æ, —á—Ç–æ –æ–Ω–∏ –Ω–µ –Ω–∞–º–µ—Ä–µ–Ω—ã –º–µ–Ω—è—Ç—å –¥–µ–π—Å—Ç–≤—É—é—â—É—é –ø—Ä–æ—Ü–µ–¥—É—Ä—É¬ª, ‚Äî —Å–æ–æ–±—â–∏–ª –ø—Ä–µ–º—å–µ—Ä. –û—Å–µ–Ω—å—é 2023-–≥–æ —Ñ–∏–Ω—Å–∫–æ–µ –ø—Ä–∞–≤–∏—Ç–µ–ª—å—Å—Ç–≤–æ –Ω–∞—á–∞–ª–æ –ø–æ—Å—Ç–µ–ø–µ–Ω–Ω–æ –∑–∞–∫—Ä—ã–≤–∞—Ç—å –≥—Ä–∞–Ω–∏—Ü—É –∏–∑-–∑–∞ –∏—Å–∫–∞—Ç–µ–ª–µ–π —É–±–µ–∂–∏—â–∞ –∏–∑ —Å—Ç—Ä–∞–Ω –ë–ª–∏–∂–Ω–µ–≥–æ –í–æ—Å—Ç–æ–∫–∞ –∏ –ê—Ñ—Ä–∏–∫–∏. –ö–∞–∫ —Å—á–∏—Ç–∞—é—Ç –≤ –•–µ–ª—å—Å–∏–Ω–∫–∏, –∑–∞ –Ω–∞–ø–ª—ã–≤ –º–∏–≥—Ä–∞–Ω—Ç–æ–≤ –Ω–µ—Å–µ—Ç –æ—Ç–≤–µ—Ç—Å—Ç–≤–µ–Ω–Ω–æ—Å—Ç—å –ú–æ—Å–∫–≤–∞. –†–æ—Å—Å–∏–π—Å–∫–∞—è —Å—Ç–æ—Ä–æ–Ω–∞ –æ—Ç–≤–µ—Ä–≥–ª–∞ –æ–±–≤–∏–Ω–µ–Ω–∏—è –∏ –∑–∞—è–≤–∏–ª–∞, —á—Ç–æ —É –Ω–µ–µ ¬´–Ω–µ—Ç –≤–æ–∑–º–æ–∂–Ω–æ—Å—Ç–∏ –ø—Ä–µ–ø—è—Ç—Å—Ç–≤–æ–≤–∞—Ç—å –ø—Ä–∏–µ–∑–¥—É –≥—Ä–∞–∂–¥–∞–Ω —Ç—Ä–µ—Ç—å–∏—Ö —Å—Ç—Ä–∞–Ω –∫ —Ñ–∏–Ω—Å–∫–æ–π –≥—Ä–∞–Ω–∏—Ü–µ¬ª. üêö –°–ª–µ–¥–∏—Ç—å –∑–∞ –Ω–æ–≤–æ—Å—Ç—è–º–∏ –†–ë–ö –≤ Telegram"
rbc_news/134427,https://t.me/rbc_news/134427,"–°—É–¥ –≤ –ü–µ—Ç–µ—Ä–±—É—Ä–≥–µ –≤–µ—Ä–Ω—É–ª —Å–æ—Å—Ç–∞–≤–∏—Ç–µ–ª—è–º –ø—Ä–æ—Ç–æ–∫–æ–ª –≤ –æ—Ç–Ω–æ—à–µ–Ω–∏–∏ –ø–µ–≤–∏—Ü—ã –ù–∞–æ–∫–æ (–î–∏–∞–Ω—ã –õ–æ–≥–∏–Ω–æ–≤–æ–π) –ø–æ –∞–¥–º–∏–Ω–∏—Å—Ç—Ä–∞—Ç–∏–≤–Ω–æ–π —Å—Ç–∞—Ç—å–µ –æ –¥–∏—Å–∫—Ä–µ–¥–∏—Ç–∞—Ü–∏–∏ –∞—Ä–º–∏–∏ –∏–ª–∏ –æ—Ä–≥–∞–Ω–æ–≤ –≤–ª–∞—Å—Ç–∏, —Å–æ–æ–±—â–∏–ª–∞ –æ–±—ä–µ–¥–∏–Ω–µ–Ω–Ω–∞—è –ø—Ä–µ—Å—Å-—Å–ª—É–∂–±–∞ —Å—É–¥–æ–≤. ¬´–ö—É–π–±—ã—à–µ–≤—Å–∫–∏–π —Ä–∞–π–æ–Ω–Ω—ã–π —Å—É–¥ –≥. –°–∞–Ω–∫—Ç-–ü–µ—Ç–µ—Ä–±—É—Ä–≥–∞ –≤–µ—Ä–Ω—É–ª —Å–æ—Å—Ç–∞–≤–∏—Ç–µ–ª—è–º –ø—Ä–æ—Ç–æ–∫–æ–ª –ø–æ –¥–µ–ª—É –æ–± –∞–¥–º–∏–Ω–∏—Å—Ç—Ä–∞—Ç–∏–≤–Ω–æ–º –ø—Ä–∞–≤–æ–Ω–∞—Ä—É—à–µ–Ω–∏–∏, –ø—Ä–µ–¥—É—Å–º–æ—Ç—Ä–µ–Ω–Ω–æ–º —á.1 —Å—Ç.20.3.3 –ö–æ–ê–ü –†–§, –≤ –æ—Ç–Ω–æ—à–µ–Ω–∏–∏ –î–∏–∞–Ω—ã –õ–æ–≥–∏–Ω–æ–≤–æ–π, –¥–ª—è —É—Å—Ç—Ä–∞–Ω–µ–Ω–∏—è –ø—Ä–µ–ø—è—Ç—Å—Ç–≤–∏–π –µ–≥–æ —Ä–∞—Å—Å–º–æ—Ç—Ä–µ–Ω–∏—è —Å—É–¥–æ–º¬ª. ¬´–§–æ–Ω—Ç–∞–Ω–∫–∞¬ª –ø–∏—à–µ—Ç, —á—Ç–æ —ç—Ç–æ—Ç –ø—Ä–æ—Ç–æ–∫–æ–ª —Å–æ—Å—Ç–∞–≤–ª–µ–Ω –Ω–∞ –ø–µ–≤–∏—Ü—É –∑–∞ –∏—Å–ø–æ–ª–Ω–µ–Ω–∏–µ –ø–µ—Å–Ω–∏ ¬´–°–≤–µ—Ç–ª–∞—è –ø–æ–ª–æ—Å–∞¬ª Noize MC (–Ω–∞—Å—Ç–æ—è—â–µ–µ –∏–º—è –ò–≤–∞–Ω –ê–ª–µ–∫—Å–µ–µ–≤, –ø—Ä–∏–∑–Ω–∞–Ω –ú–∏–Ω—é—Å—Ç–æ–º –∏–Ω–æ–∞–≥–µ–Ω—Ç–æ–º) —É –º–µ—Ç—Ä–æ ¬´–ü–ª–æ—â–∞–¥—å –í–æ—Å—Å—Ç–∞–Ω–∏—è¬ª. –ü–æ –∏–Ω—Ñ–æ—Ä–º–∞—Ü–∏–∏ –∏–∑–¥–∞–Ω–∏—è, –≤ –æ—Ç–Ω–æ—à–µ–Ω–∏–∏ –ù–∞–æ–∫–æ –±—ã–ª–æ –∑–∞–≤–µ–¥–µ–Ω–æ –µ—â–µ –æ–¥–Ω–æ –¥–µ–ª–æ –ø–æ —Ç–æ–π –∂–µ –∞–¥–º–∏–Ω–∏—Å—Ç—Ä–∞—Ç–∏–≤–Ω–æ–π —Å—Ç–∞—Ç—å–µ. –ï—â–µ –æ–¥–∏–Ω –ø—Ä–æ—Ç–æ–∫–æ–ª –≤ –æ—Ç–Ω–æ—à–µ–Ω–∏–∏ –ù–∞–æ–∫–æ —Å–æ—Å—Ç–∞–≤–∏–ª–∏ –ø–æ —á. 1 —Å—Ç. 20.2.2 –ö–æ–ê–ü (–æ—Ä–≥–∞–Ω–∏–∑–∞—Ü–∏—è –º–∞—Å—Å–æ–≤–æ–≥–æ –æ–¥–Ω–æ–≤—Ä–µ–º–µ–Ω–Ω–æ–≥–æ –ø—Ä–µ–±—ã–≤–∞–Ω–∏—è –≥—Ä–∞–∂–¥–∞–Ω –≤ –æ–±—â–µ—Å—Ç–≤–µ–Ω–Ω—ã—Ö –º–µ—Å—Ç–∞—Ö, –ø–æ–≤–ª–µ–∫—à–µ–≥–æ –Ω–∞—Ä—É—à–µ–Ω–∏–µ –æ–±—â–µ—Å—Ç–≤–µ–Ω–Ω–æ–≥–æ –ø–æ—Ä—è–¥–∫–∞). 16 –æ–∫—Ç—è–±—Ä—è –¥–µ–≤—É—à–∫—É –∞—Ä–µ—Å—Ç–æ–≤–∞–ª–∏ –Ω–∞ 13 —Å—É—Ç–æ–∫ –ø–æ –æ–±–≤–∏–Ω–µ–Ω–∏—é –≤ —Ç–æ–º, —á—Ç–æ –≤–µ—á–µ—Ä–æ–º 11 –æ–∫—Ç—è–±—Ä—è –æ–Ω–∞ —É –º–µ—Ç—Ä–æ ¬´–ü–ª–æ—â–∞–¥—å –í–æ—Å—Å—Ç–∞–Ω–∏—è¬ª ¬´–æ—Ä–≥–∞–Ω–∏–∑–æ–≤–∞–ª–∞ –º–∞—Å—Å–æ–≤–æ–µ –æ–¥–Ω–æ–≤—Ä–µ–º–µ–Ω–Ω–æ–µ –ø—Ä–µ–±—ã–≤–∞–Ω–∏–µ –≥—Ä–∞–∂–¥–∞–Ω¬ª (–Ω–µ –º–µ–Ω–µ–µ 70 —á–µ–ª–æ–≤–µ–∫), –∏—Å–ø–æ–ª–Ω—è—è –ø–µ—Å–Ω—é, –Ω–æ –Ω–µ —Å–æ–≥–ª–∞—Å–æ–≤–∞–ª–∞ ¬´–¥–∞–Ω–Ω–æ–µ –∫—É–ª—å—Ç—É—Ä–Ω–æ-–º–∞—Å—Å–æ–≤–æ–µ –º–µ—Ä–æ–ø—Ä–∏—è—Ç–∏–µ¬ª —Å –≥–æ—Ä–æ–¥—Å–∫–æ–π –∞–¥–º–∏–Ω–∏—Å—Ç—Ä–∞—Ü–∏–µ–π. üêö –ß–∏—Ç–∞—Ç—å –†–ë–ö –≤ Telegram"
rbc_news/134428,https://t.me/rbc_news/134428,"–ö–æ–º–∏—Ç–µ—Ç –ì–æ—Å–¥—É–º—ã –ø–æ –≥–æ—Å—Å—Ç—Ä–æ–∏—Ç–µ–ª—å—Å—Ç–≤—É –∏ –∑–∞–∫–æ–Ω–æ–¥–∞—Ç–µ–ª—å—Å—Ç–≤—É —Ä–µ–∫–æ–º–µ–Ω–¥–æ–≤–∞–ª –æ—Ç–∫–ª–æ–Ω–∏—Ç—å –ø—Ä–æ–µ–∫—Ç –ø–æ–ø—Ä–∞–≤–æ–∫ –≤ –ö–æ–ê–ü, –ø–æ–≤—ã—à–∞—é—â–∏—Ö —à—Ç—Ä–∞—Ñ—ã –¥–ª—è —á–∏–Ω–æ–≤–Ω–∏–∫–æ–≤ –∑–∞ –æ—Å–∫–æ—Ä–±–ª–µ–Ω–∏–µ –≥—Ä–∞–∂–¥–∞–Ω –∏ –∏–≥–Ω–æ—Ä–∏—Ä–æ–≤–∞–Ω–∏–µ –∑–∞–ø—Ä–æ—Å–æ–≤ –æ—Ç –Ω–∞—Å–µ–ª–µ–Ω–∏—è, –ø–µ—Ä–µ–¥–∞–µ—Ç –∫–æ—Ä—Ä–µ—Å–ø–æ–Ω–¥–µ–Ω—Ç –†–ë–ö. –î–æ–∫—É–º–µ–Ω—Ç –ø—Ä–µ–¥–ª–∞–≥–∞–ª –ø–æ–≤—ã—Å–∏—Ç—å –≤–¥–≤–æ–µ —à—Ç—Ä–∞—Ñ—ã –¥–ª—è —á–∏–Ω–æ–≤–Ω–∏–∫–æ–≤ –∑–∞ –Ω–∞—Ä—É—à–µ–Ω–∏–µ –ø–æ—Ä—è–¥–∫–∞ —Ä–∞—Å—Å–º–æ—Ç—Ä–µ–Ω–∏—è –æ–±—Ä–∞—â–µ–Ω–∏–π –≥—Ä–∞–∂–¥–∞–Ω: —Å–µ–π—á–∞—Å —ç—Ç–æ 5-10 —Ç—ã—Å. —Ä—É–± (—Å—Ç. 5.59 –ö–æ–ê–ü). –®—Ç—Ä–∞—Ñ—ã –∑–∞ –æ—Å–∫–æ—Ä–±–ª–µ–Ω–∏—è –≥—Ä–∞–∂–¥–∞–Ω –¥–æ–ª–∂–Ω—ã –≤—ã—Ä–∞—Å—Ç–∏ –≤ 1,5 —Ä–∞–∑–∞: —Å–µ–π—á–∞—Å —ç—Ç–æ 50-100 —Ç—ã—Å. —Ä—É–±. –≤ —Å–ª—É—á–∞–µ –ø–µ—Ä–≤–æ–≥–æ –Ω–∞—Ä—É—à–µ–Ω–∏—è –∏ 100-150 —Ç—ã—Å. —Ä—É–±. –≤ —Å–ª—É—á–∞–µ —Ä–µ—Ü–∏–¥–∏–≤–∞ (—á. 4 –∏ 5 —Å—Ç. 5.61 –ö–æ–ê–ü). –í –ø–æ—è—Å–Ω–∏—Ç–µ–ª—å–Ω–æ–π –∑–∞–ø–∏—Å–∫–µ –∫ –∑–∞–∫–æ–Ω–æ–ø—Ä–æ–µ–∫—Ç—É –≥–æ–≤–æ—Ä–∏—Ç—Å—è, —á—Ç–æ —ç—Ç–∏ —à—Ç—Ä–∞—Ñ—ã –Ω–µ –∏–Ω–¥–µ–∫—Å–∏—Ä–æ–≤–∞–ª–∏—Å—å —Å–æ –≤—Ä–µ–º–µ–Ω–∏ –∏—Ö –≤–≤–µ–¥–µ–Ω–∏—è –≤ 2013 –∏ 2020 –≥–æ–¥—É —Å–æ–æ—Ç–≤–µ—Ç—Å—Ç–≤–µ–Ω–Ω–æ, —Ö–æ—Ç—è —Ä–∞–∑–º–µ—Ä—ã —à—Ç—Ä–∞—Ñ–æ–≤, –Ω–∞–∑–Ω–∞—á–∞–µ–º—ã—Ö –∑–∞ –∏–Ω—ã–µ –ø—Ä–∞–≤–æ–Ω–∞—Ä—É—à–µ–Ω–∏—è, –≤ –ø–æ—Å–ª–µ–¥–Ω–∏–µ –≥–æ–¥—ã –∑–Ω–∞—á–∏—Ç–µ–ª—å–Ω–æ –ø–æ–≤—ã—Å–∏–ª–∏—Å—å. üêö –°–ª–µ–¥–∏—Ç—å –∑–∞ –Ω–æ–≤–æ—Å—Ç—è–º–∏ –†–ë–ö –≤ Telegram"
rbc_news/134429,https://t.me/rbc_news/134429,"–í —Å–æ–≤–º–µ—Å—Ç–Ω–æ–º –ø—Ä–æ–µ–∫—Ç–µ Legenda –∏ –†–ë–ö –∏—Å—Å–ª–µ–¥—É–µ–º —Ç—Ä–∞–Ω—Å—Ñ–æ—Ä–º–∞—Ü–∏—é –≥–æ—Å—Ç–µ–ø—Ä–∏–∏–º—Å—Ç–≤–∞: –æ—Ç —Ç—Ä–∞–¥–∏—Ü–∏–π –ø—Ä–æ—à–ª–æ–≥–æ –¥–æ –Ω–æ–≤—ã—Ö —Ñ–æ—Ä–º –æ–±—â–µ–Ω–∏—è. –ü—Ä–æ—Å–ª–µ–¥–∏–º, –∫–∞–∫ –º–µ–Ω—è–ª–æ—Å—å –ø—Ä–æ—Å—Ç—Ä–∞–Ω—Å—Ç–≤–æ –¥–æ–º–∞, –ø–æ–¥—Å—Ç—Ä–∞–∏–≤–∞—è—Å—å –ø–æ–¥ –∑–∞–ø—Ä–æ—Å—ã –≤—Ä–µ–º–µ–Ω–∏. –ü–æ–∫–∞–∂–µ–º, –∫–∞–∫ —Å–æ–≤—Ä–µ–º–µ–Ω–Ω—ã–µ –∫—É—Ö–Ω–∏-–≥–æ—Å—Ç–∏–Ω—ã–µ –ø–µ—Ä–µ–æ—Å–º—ã—Å–ª–∏–ª–∏ —Å–æ–≤–µ—Ç—Å–∫–∏–µ —Ç—Ä–∞–¥–∏—Ü–∏–∏ –∏ –∑–∞ —á—Ç–æ –∏—Ö –ª—é–±—è—Ç. –û–ø—Ä–µ–¥–µ–ª–∏–º, –∫–∞–∫–æ–π —É –≤–∞—Å —Å—Ç–∏–ª—å –≥–æ—Å—Ç–µ–ø—Ä–∏–∏–º—Å—Ç–≤–∞. –†–∞—Å—Å–∫–∞–∂–µ–º, –∫–∞–∫ –∏ –≥–¥–µ –≤—Å—Ç—Ä–µ—á–∞—é—Ç –≥–æ—Å—Ç–µ–π —Å–æ–≤—Ä–µ–º–µ–Ω–Ω—ã–µ –≥–æ—Ä–æ–∂–∞–Ω–µ."
rbc_news/134430,https://t.me/rbc_news/134430,"–í –°–µ–≤–∞—Å—Ç–æ–ø–æ–ª–µ –ø—Ä–∏ –ø—Ä–æ–≤–µ–¥–µ–Ω–∏–∏ —Ä–∞–±–æ—Ç –Ω–∞ –ø–ª–∞–≤—É—á–µ–º –∫—Ä–∞–Ω–µ –Ω–∞ —Ç–µ—Ä—Ä–∏—Ç–æ—Ä–∏–∏ –º–æ—Ä—Å–∫–æ–≥–æ –∑–∞–≤–æ–¥–∞ –ø—Ä–æ–∏–∑–æ—à–ª–æ –æ–ø—Ä–æ–∫–∏–¥—ã–≤–∞–Ω–∏–µ —Å—É–¥–Ω–∞, —Å–æ–æ–±—â–∏–ª –≥—É–±–µ—Ä–Ω–∞—Ç–æ—Ä –ú–∏—Ö–∞–∏–ª –†–∞–∑–≤–æ–∂–∞–µ–≤. –ü–æ –ø—Ä–µ–¥–≤–∞—Ä–∏—Ç–µ–ª—å–Ω–æ–π –∏–Ω—Ñ–æ—Ä–º–∞—Ü–∏–∏, —Å–ø–∞—Å–µ–Ω—ã 15 —á–µ–ª–æ–≤–µ–∫. –ò–∑ –Ω–∏—Ö 7 –≥–æ—Å–ø–∏—Ç–∞–ª–∏–∑–∏—Ä–æ–≤–∞–Ω—ã, —É –Ω–∏—Ö —Ç—Ä–∞–≤–º—ã –ª–µ–≥–∫–æ–π –∏ —Å—Ä–µ–¥–Ω–µ–π —Ç—è–∂–µ—Å—Ç–∏. ¬´–ù–∞ –º–µ—Å—Ç–µ —Ä–∞–±–æ—Ç–∞—é—Ç –∞–≤–∞—Ä–∏–π–Ω—ã–µ –∏ —Å–ø–∞—Å–∞—Ç–µ–ª—å–Ω—ã–µ —Å–ª—É–∂–±—ã, –∫–æ—Ç–æ—Ä—ã–µ —Å–æ–≤–º–µ—Å—Ç–Ω–æ —Å —Ä–∞–±–æ—Ç–Ω–∏–∫–∞–º–∏ –∑–∞–≤–æ–¥–∞ –∏ –ø—Ä–µ–¥—Å—Ç–∞–≤–∏—Ç–µ–ª—è–º–∏ –∫–æ–Ω—Ç—Ä–∞–≥–µ–Ω—Ç—Å–∫–∏—Ö –æ—Ä–≥–∞–Ω–∏–∑–∞—Ü–∏–π —É—Å—Ç—Ä–∞–Ω—è—é—Ç –ø–æ—Å–ª–µ–¥—Å—Ç–≤–∏—è –ø—Ä–æ–∏—Å—à–µ—Å—Ç–≤–∏—è¬ª. üêö –ß–∏—Ç–∞—Ç—å –†–ë–ö –≤ Telegram"
rbc_news/134432,https://t.me/rbc_news/134432,"29 –æ–∫—Ç—è–±—Ä—è –≤ –î—É–±–∞–µ –ø—Ä–æ–π–¥–µ—Ç –∫–∞–º–µ—Ä–Ω–æ–µ —Å–æ–±—ã—Ç–∏–µ RBC Global Talks ‚Äî —Ñ–æ—Ä–º–∞—Ç, –≥–¥–µ –æ–≥—Ä–∞–Ω–∏—á–µ–Ω–Ω–æ–µ —á–∏—Å–ª–æ —É—á–∞—Å—Ç–Ω–∏–∫–æ–≤ –ø–æ–ª—É—á–∏—Ç –¥–æ—Å—Ç—É–ø –∫ –∂–∏–≤–æ–º—É —Ä–∞–∑–≥–æ–≤–æ—Ä—É —Å –ø—Ä–∏–∑–Ω–∞–Ω–Ω—ã–º–∏ –º–∏—Ä–æ–≤—ã–º–∏ —ç–∫—Å–ø–µ—Ä—Ç–∞–º–∏. –ì–ª–∞–≤–Ω—ã–º –≥–æ—Å—Ç–µ–º —Å—Ç–∞–Ω–µ—Ç –§—Ä—ç–Ω–∫ –ê–±–∏–≥–Ω–µ–π–ª ‚Äî –ª–µ–≥–µ–Ω–¥–∞ –º–∏—Ä–æ–≤–æ–≥–æ –º–æ—à–µ–Ω–Ω–∏—á–µ—Å—Ç–≤–∞, —á—å—è –∂–∏–∑–Ω—å –ª–µ–≥–ª–∞ –≤ –æ—Å–Ω–æ–≤—É –±–æ–ª—å—à–æ–≥–æ –≥–æ–ª–ª–∏–≤—É–¥—Å–∫–æ–≥–æ —Ñ–∏–ª—å–º–∞. –û–Ω —Ä–∞—Å—Å–∫–∞–∂–µ—Ç –æ —Å—Ç–æ–ª–∫–Ω–æ–≤–µ–Ω–∏–∏ —Å –∫–∏–±–µ—Ä—É–≥—Ä–æ–∑–∞–º–∏ –∏ —Å—Ö–µ–º–∞–º–∏, —Å –∫–æ—Ç–æ—Ä—ã–º–∏ —Å—Ç–∞–ª–∫–∏–≤–∞—é—Ç—Å—è –±–∞–Ω–∫–∏, –∫–æ—Ä–ø–æ—Ä–∞—Ü–∏–∏ –∏ –≥–æ—Å—Å—Ç—Ä—É–∫—Ç—É—Ä—ã. –í –ø—Ä–æ–≥—Ä–∞–º–º–µ: ‚Äî –ª–µ–∫—Ü–∏—è ¬´–ò–ò, –∫–∏–±–µ—Ä–±–µ–∑–æ–ø–∞—Å–Ω–æ—Å—Ç—å –∏ –º–æ—à–µ–Ω–Ω–∏—á–µ—Å—Ç–≤–æ: –∫–∞–∫ –æ—Ä–∏–µ–Ω—Ç–∏—Ä–æ–≤–∞—Ç—å—Å—è –≤ —Å—Ç—Ä–µ–º–∏—Ç–µ–ª—å–Ω–æ –º–µ–Ω—è—é—â–µ–º—Å—è –º–∏—Ä–µ –∏–∑–æ—â—Ä–µ–Ω–Ω—ã—Ö —Å—Ö–µ–º¬ª ‚Äî Q&A —Å–µ—Å—Å–∏—è –ø–æ –æ—Å—Ç—Ä—ã–º –≤–æ–ø—Ä–æ—Å–∞–º –∏ —á–µ—Å—Ç–Ω—ã–º –æ—Ç–≤–µ—Ç–∞–º ‚Äî –ø—Ä–∏–≤–∞—Ç–Ω—ã–π —É–∂–∏–Ω: –ø—Ä–∞–≤–¥–∏–≤–∞ –ª–∏ –∏—Å—Ç–æ—Ä–∏—è –§—Ä–µ–Ω–∫–∞ –ê–±–∏–≥–Ω–µ–π–ª–∞ –∏ –∫–∞–∫–æ–≤–∞ –Ω–∞—Å—Ç–æ—è—â–∞—è –∂–∏–∑–Ω—å. –î–ª—è —Ç–µ—Ö, –∫—Ç–æ —Ö–æ—á–µ—Ç —É—Å–ª—ã—à–∞—Ç—å —Ç–æ, —á—Ç–æ –Ω–µ —Å–∫–∞–∂—É—Ç –Ω–∞ —Å—Ü–µ–Ω–µ –ü–æ–¥—Ä–æ–±–Ω–µ–µ –æ —Ñ–æ—Ä—É–º–µ ‚Äî –Ω–∞ —Å–∞–π—Ç–µ. –†–ë–ö Events, 18+"
rbc_news/134433,https://t.me/rbc_news/134433,"–†–æ—Å—Å–∏—è –∏—Å–ø—ã—Ç–∞–ª–∞ –º–µ–∂–∫–æ–Ω—Ç–∏–Ω–µ–Ω—Ç–∞–ª—å–Ω—É—é –∫—Ä—ã–ª–∞—Ç—É—é —Ä–∞–∫–µ—Ç—É ¬´–ë—É—Ä–µ–≤–µ—Å—Ç–Ω–∏–∫¬ª –Ω–∞ –∞—Ä—Ö–∏–ø–µ–ª–∞–≥–µ –ù–æ–≤–∞—è –ó–µ–º–ª—è, —Å–æ–æ–±—â–∞–µ—Ç Reuters —Å–æ —Å—Å—ã–ª–∫–æ–π –Ω–∞ –≥–ª–∞–≤—É –Ω–æ—Ä–≤–µ–∂—Å–∫–æ–π —Ä–∞–∑–≤–µ–¥–∫–∏ –≤–∏—Ü–µ-–∞–¥–º–∏—Ä–∞–ª –ù–∏–ª—å—Å–∞ –ê–Ω–¥—Ä–µ–∞—Å–∞ –°—Ç–µ–Ω—Å—ë–Ω–µ—Å–∞. ¬´–ú—ã –º–æ–∂–µ–º –ø–æ–¥—Ç–≤–µ—Ä–¥–∏—Ç—å, —á—Ç–æ –†–æ—Å—Å–∏—è –ø—Ä–æ–≤–µ–ª–∞ –Ω–æ–≤—ã–µ –∏—Å–ø—ã—Ç–∞—Ç–µ–ª—å–Ω—ã–µ –ø—É—Å–∫–∏ –∫—Ä—ã–ª–∞—Ç–æ–π —Ä–∞–∫–µ—Ç—ã –±–æ–ª—å—à–æ–π –¥–∞–ª—å–Ω–æ—Å—Ç–∏ Skyfall (¬´–ë—É—Ä–µ–≤–µ—Å—Ç–Ω–∏–∫¬ª –≤ –∫–æ–¥–∏—Ñ–∏–∫–∞—Ü–∏–∏ –ù–ê–¢–û) –Ω–∞ –ù–æ–≤–æ–π –ó–µ–º–ª–µ¬ª. –ù–∞–∫–∞–Ω—É–Ω–µ –≥–ª–∞–≤–∞ –ì–µ–Ω—à—Ç–∞–±–∞ –í–∞–ª–µ—Ä–∏–π –ì–µ—Ä–∞—Å–∏–º–æ–≤ —Å–æ–æ–±—â–∏–ª –ø—Ä–µ–∑–∏–¥–µ–Ω—Ç—É –í–ª–∞–¥–∏–º–∏—Ä—É –ü—É—Ç–∏–Ω—É –æ –ø—Ä–æ–≤–µ–¥–µ–Ω–Ω–æ–º 21 –æ–∫—Ç—è–±—Ä—è –∏—Å–ø—ã—Ç–∞–Ω–∏–∏ ¬´–ë—É—Ä–µ–≤–µ—Å—Ç–Ω–∏–∫–∞¬ª –±–µ–∑ —É–∫–∞–∑–∞–Ω–∏—è –º–µ—Å—Ç–∞ –∑–∞–ø—É—Å–∫–∞. –í —Ö–æ–¥–µ –∏—Å–ø—ã—Ç–∞–Ω–∏—è —Ä–∞–∫–µ—Ç–∞ –ø—Ä–æ–ª–µ—Ç–µ–ª–∞ 14 —Ç—ã—Å. –∫–º, –≤—Å–µ–≥–æ –æ–Ω–∞ –Ω–∞—Ö–æ–¥–∏–ª–∞—Å—å –≤ –≤–æ–∑–¥—É—Ö–µ –æ–∫–æ–ª–æ 15 —á–∞—Å–æ–≤, —Ä–∞—Å—Å–∫–∞–∑–∞–ª –ì–µ—Ä–∞—Å–∏–º–æ–≤, –æ—Ç–º–µ—Ç–∏–≤, —á—Ç–æ —ç—Ç–æ –Ω–µ –ø—Ä–µ–¥–µ–ª. –ü—É—Ç–∏–Ω –ø—Ä–µ–¥–ª–æ–∂–∏–ª ¬´–æ–ø—Ä–µ–¥–µ–ª–∏—Ç—å –≤–æ–∑–º–æ–∂–Ω—ã–µ —Å–ø–æ—Å–æ–±—ã –ø—Ä–∏–º–µ–Ω–µ–Ω–∏—è¬ª –∏ –Ω–∞—á–∞—Ç—å –≥–æ—Ç–æ–≤–∏—Ç—å –∏–Ω—Ñ—Ä–∞—Å—Ç—Ä—É–∫—Ç—É—Ä—É –¥–ª—è —Ä–∞–∑–º–µ—â–µ–Ω–∏—è —ç—Ç–æ–≥–æ –æ—Ä—É–∂–∏—è –≤ —Ä–æ—Å—Å–∏–π—Å–∫–∏—Ö –≤–æ–æ—Ä—É–∂–µ–Ω–Ω—ã—Ö —Å–∏–ª–∞—Ö. üêö –°–∞–º—ã–µ –≤–∞–∂–Ω—ã–µ –Ω–æ–≤–æ—Å—Ç–∏ ‚Äî –≤ —Ç–µ–ª–µ–≥—Ä–∞–º-–∫–∞–Ω–∞–ª–µ –†–ë–ö"
rbc_news/134434,https://t.me/rbc_news/134434,"–î–≤–∞ —á–µ–ª–æ–≤–µ–∫–∞ –ø–æ–≥–∏–±–ª–∏, –µ—â–µ –±–æ–ª–µ–µ 20 –ø–æ—Å—Ç—Ä–∞–¥–∞–ª–∏ –≤ —Ä–µ–∑—É–ª—å—Ç–∞—Ç–µ –æ–ø—Ä–æ–∫–∏–¥—ã–≤–∞–Ω–∏—è –ø–ª–∞–≤—É—á–µ–≥–æ –∫—Ä–∞–Ω–∞ –≤ –°–µ–≤–∞—Å—Ç–æ–ø–æ–ª–µ, —Å–æ–æ–±—â–∏–ª–∏ –≤ –°–ö –†–æ—Å—Å–∏–∏. –ë—ã–ª–æ –≤–æ–∑–±—É–∂–¥–µ–Ω–æ —É–≥–æ–ª–æ–≤–Ω–æ–µ –¥–µ–ª–æ –ø–æ —Ñ–∞–∫—Ç—É –Ω–∞—Ä—É—à–µ–Ω–∏—è –ø—Ä–∞–≤–∏–ª –±–µ–∑–æ–ø–∞—Å–Ω–æ—Å—Ç–∏ –¥–≤–∏–∂–µ–Ω–∏—è –∏ —ç–∫—Å–ø–ª—É–∞—Ç–∞—Ü–∏–∏ –º–æ—Ä—Å–∫–æ–≥–æ —Ç—Ä–∞–Ω—Å–ø–æ—Ä—Ç–∞, –≤ —Ä–µ–∑—É–ª—å—Ç–∞—Ç–µ —á–µ–≥–æ –ø—Ä–æ–∏–∑–æ—à–ª–æ –æ–ø—Ä–æ–∫–∏–¥—ã–≤–∞–Ω–∏–µ –ø–ª–∞–≤—É—á–µ–≥–æ –∫—Ä–∞–Ω–∞, –ø–æ–≤–ª–µ–∫—à–µ–µ –ø–æ –Ω–µ–æ—Å—Ç–æ—Ä–æ–∂–Ω–æ—Å—Ç–∏ —Å–º–µ—Ä—Ç—å –¥–≤—É—Ö –ª–∏—Ü (—á. 3 —Å—Ç. 263 –£–ö –†–§). –§–æ—Ç–æ: –ø—Ä–µ—Å—Å-—Å–ª—É–∂–±–∞ –°–ö –†–æ—Å—Å–∏–∏"
rbc_news/134435,https://t.me/rbc_news/134435,"–°—Ç–∞—Ä—Ç–∞–ø-–ø—Ä–µ–¥–ø—Ä–∏–Ω–∏–º–∞—Ç–µ–ª—å–Ω–∏—Ü–∞ –Æ–ª–∏—è –ö–æ—Ä–æ–≤–∫–∏–Ω–∞ —É—á–∏–ª–∞—Å—å –Ω–∞ –≤—Ç–æ—Ä–æ–º –∫—É—Ä—Å–µ, –∫–æ–≥–¥–∞ –µ–π –ø—Ä–∏—à–ª–∞ –º—ã—Å–ª—å —Å–æ–∑–¥–∞—Ç—å –ò–¢-—Å—Ç–∞—Ä—Ç–∞–ø –ø–æ –ø–æ–¥–±–æ—Ä—É –±–ª—é–¥ –≤ —Ä–µ—Å—Ç–æ—Ä–∞–Ω–∞—Ö –ø–æ –Ω–∞—Å—Ç—Ä–æ–µ–Ω–∏—é. –ü–∏–ª–æ—Ç–Ω—ã–π –∑–∞–ø—É—Å–∫ –∫–æ–º–∞–Ω–¥–∞ –ø—Ä–æ–µ–∫—Ç–∞ —Å–¥–µ–ª–∞–ª–∞ –≤ —Å—Ç—É–¥–µ–Ω—á–µ—Å–∫–æ–π —Å—Ç–æ–ª–æ–≤–æ–π. –°–µ–π—á–∞—Å —Å—Ç–∞—Ä—Ç–∞–ø –Ω–∞–±–∏—Ä–∞–µ—Ç –æ–±–æ—Ä–æ—Ç—ã –∏ –≤–µ–¥–µ—Ç –ø–µ—Ä–µ–≥–æ–≤–æ—Ä—ã –ø–æ –∏–Ω—Ç–µ–≥—Ä–∞—Ü–∏–∏ —Å –∫—Ä—É–ø–Ω–µ–π—à–∏–º–∏ –∏–≥—Ä–æ–∫–∞–º–∏ —Ä–µ—Å—Ç–æ—Ä–∞–Ω–Ω–æ–π –∏–Ω–¥—É—Å—Ç—Ä–∏–∏ –∏ –ø—Ä–æ–¥—É–∫—Ç–æ–≤–æ–≥–æ —Ä–µ—Ç–µ–π–ª–∞. –†–∞—Å—Å–∫–∞–∑—ã–≤–∞–µ–º, –∫–∞–∫ –ø–æ—Å—Ç—Ä–æ–µ–Ω –±–∏–∑–Ω–µ—Å –Ω–∞ –≤—ã–±–æ—Ä–µ –±–ª—é–¥ –ø–æ –Ω–∞—Å—Ç—Ä–æ–µ–Ω–∏—é. –ù–∞—á–∞—Ç—å –±–∏–∑–Ω–µ—Å —Å–æ –°–±–µ—Ä–æ–º ‚Äî —ç—Ç–æ –ò–ó–ó–ó–ò. –ó–∞—Ä–µ–≥–∏—Å—Ç—Ä–∏—Ä–æ–≤–∞—Ç—å –±–∏–∑–Ω–µ—Å –∏ –æ—Ç–∫—Ä—ã—Ç—å —Ä–∞—Å—á–µ—Ç–Ω—ã–π —Å—á–µ—Ç –∑–∞ 0–† –º–æ–∂–Ω–æ –±—É–∫–≤–∞–ª—å–Ω–æ –≤ –ø–∞—Ä—É –∫–ª–∏–∫–æ–≤ –ø—Ä—è–º–æ –≤ –ø—Ä–∏–ª–æ–∂–µ–Ω–∏–∏ –°–±–µ—Ä–±–∞–Ω–∫ –û–Ω–ª–∞–π–Ω. –†–µ–∫–ª–∞–º–∞, –ü–ê–û ¬´–°–±–µ—Ä–±–∞–Ω–∫¬ª, 18+"
rbc_news/134436,https://t.me/rbc_news/134436,"–ê–º–µ—Ä–∏–∫–∞–Ω—Å–∫–∏–π –∂—É—Ä–Ω–∞–ª Time –∏–∑–º–µ–Ω–∏–ª –æ–±–ª–æ–∂–∫—É –Ω–æ—è–±—Ä—å—Å–∫–æ–≥–æ –≤—ã–ø—É—Å–∫–∞ —Å —Ñ–æ—Ç–æ–≥—Ä–∞—Ñ–∏–µ–π –ø—Ä–µ–∑–∏–¥–µ–Ω—Ç–∞ –°–®–ê –î–æ–Ω–∞–ª—å–¥–∞ –¢—Ä–∞–º–ø–∞ –ø–æ—Å–ª–µ —Ç–æ–≥–æ, –∫–∞–∫ —Ä–µ—Å–ø—É–±–ª–∏–∫–∞–Ω–µ—Ü —Ä–∞—Å–∫—Ä–∏—Ç–∏–∫–æ–≤–∞–ª –ø–µ—Ä–≤–æ–Ω–∞—á–∞–ª—å–Ω—ã–π –≤–∞—Ä–∏–∞–Ω—Ç. –ò–∑–Ω–∞—á–∞–ª—å–Ω–æ –Ω–∞ –æ–±–ª–æ–∂–∫–µ –±—ã–ª —Ä–∞–∑–º–µ—â–µ–Ω —Å–Ω–∏–º–æ–∫, –≥–¥–µ –¢—Ä–∞–º–ø —Å–º–æ—Ç—Ä–∏—Ç –≤–≤–µ—Ä—Ö. –ï–≥–æ –∑–∞–º–µ–Ω–∏–ª–∏ –Ω–∞ —Ñ–æ—Ç–æ–≥—Ä–∞—Ñ–∏—é, —Å–¥–µ–ª–∞–Ω–Ω—É—é –≤ –û–≤–∞–ª—å–Ω–æ–º –∫–∞–±–∏–Ω–µ—Ç–µ –ë–µ–ª–æ–≥–æ –¥–æ–º–∞, –≥–¥–µ –ø—Ä–µ–∑–∏–¥–µ–Ω—Ç —Å–∏–¥–∏—Ç –∞–Ω—Ñ–∞—Å, —Å–ª–æ–∂–∏–≤ —Ä—É–∫–∏ –ø–æ–¥ –ø–æ–¥–±–æ—Ä–æ–¥–∫–æ–º. –ò–∑–º–µ–Ω–∏–ª—Å—è –∏ –ø–æ–¥–∑–∞–≥–æ–ª–æ–≤–æ–∫: –≤–º–µ—Å—Ç–æ –Ω–∞–¥–ø–∏—Å–∏ ¬´–ï–≥–æ —Ç—Ä–∏—É–º—Ñ¬ª —Ç–µ–ø–µ—Ä—å –Ω–∞–ø–∏—Å–∞–Ω–æ ¬´–ú–∏—Ä –¢—Ä–∞–º–ø–∞¬ª. –ü–µ—Ä–≤—ã–π –≤–∞—Ä–∏–∞–Ω—Ç –æ–±–ª–æ–∂–∫–∏ –¢—Ä–∞–º–ø –æ—Ü–µ–Ω–∏–ª —Å–ª–æ–≤–∞–º–∏, —á—Ç–æ –µ–≥–æ —Ñ–æ—Ç–æ–≥—Ä–∞—Ñ–∏—è –≤ –∂—É—Ä–Ω–∞–ª–µ, –≤–æ–∑–º–æ–∂–Ω–æ, —è–≤–ª—è–µ—Ç—Å—è ¬´—Ö—É–¥—à–µ–π –∑–∞ –≤—Å–µ –≤—Ä–µ–º—è¬ª. –ü—Ä–∏ —ç—Ç–æ–º —Ä–µ—Å–ø—É–±–ª–∏–∫–∞–Ω–µ—Ü –Ω–∞–∑–≤–∞–ª —Å—Ç–∞—Ç—å—é, –∫–æ—Ç–æ—Ä—É—é –∞–≤—Ç–æ—Ä—ã –∂—É—Ä–Ω–∞–ª–∞ –Ω–∞–ø–∏—Å–∞–ª–∏ –æ –Ω–µ–º, –æ—Ç–Ω–æ—Å–∏—Ç–µ–ª—å–Ω–æ —Ö–æ—Ä–æ—à–µ–π. –°–∞–º–∞ –æ–±–ª–æ–∂–∫–∞ –ø–æ—Å–≤—è—â–µ–Ω–∞ –∑–∞–∫–ª—é—á–µ–Ω–Ω–æ–º—É –ø–æ–¥ —Ä—É–∫–æ–≤–æ–¥—Å—Ç–≤–æ–º –í–∞—à–∏–Ω–≥—Ç–æ–Ω–∞ –ø–µ—Ä–µ–º–∏—Ä–∏—é –ò–∑—Ä–∞–∏–ª—è —Å –ø–∞–ª–µ—Å—Ç–∏–Ω—Å–∫–æ–π –≥—Ä—É–ø–ø–∏—Ä–æ–≤–∫–æ–π –•–ê–ú–ê–°. üêö –ö–∞—Ä—Ç–∏–Ω–∞ –¥–Ω—è ‚Äî –≤ —Ç–µ–ª–µ–≥—Ä–∞–º-–∫–∞–Ω–∞–ª–µ –†–ë–ö"
rbc_news/134437,https://t.me/rbc_news/134437,"–Æ—Ä–∏—Å—Ç –∏ –ø—É–±–ª–∏—Ü–∏—Å—Ç –¢–∞—Ç—å—è–Ω–∞ –ú–æ–Ω—Ç—è–Ω –≤–Ω–µ—Å–µ–Ω–∞ –≤ –ø–µ—Ä–µ—á–µ–Ω—å —Ç–µ—Ä—Ä–æ—Ä–∏—Å—Ç–æ–≤ –∏ —ç–∫—Å—Ç—Ä–µ–º–∏—Å—Ç–æ–≤ –†–æ—Å—Ñ–∏–Ω–º–æ–Ω–∏—Ç–æ—Ä–∏–Ω–≥–∞. ¬´–ú–æ–Ω—Ç—è–Ω –¢–∞—Ç—å—è–Ω–∞ –ù–∏–∫–æ–ª–∞–µ–≤–Ω–∞, 29.08.1972 –≥. —Ä., –≥. –ö–µ—Ä—á—å –ö—Ä—ã–º—Å–∫–æ–π –æ–±–ª–∞—Å—Ç–∏ –£–°–°–†¬ª, ‚Äî —É–∫–∞–∑–∞–Ω–æ –≤ —Ä–µ–µ—Å—Ç—Ä–µ –Ω–∞ —Å–∞–π—Ç–µ –≤–µ–¥–æ–º—Å—Ç–≤–∞. üêö –°–∞–º—ã–µ –≤–∞–∂–Ω—ã–µ –Ω–æ–≤–æ—Å—Ç–∏ ‚Äî –≤ —Ç–µ–ª–µ–≥—Ä–∞–º-–∫–∞–Ω–∞–ª–µ –†–ë–ö"
rbc_news/134438,https://t.me/rbc_news/134438,"–ê–≤—Ç–æ–º–æ–±–∏–ª—å —Å–±–∏–ª —Ç—Ä–µ—Ö –¥–µ—Ç–µ–π –Ω–∞ —Ç—Ä–æ—Ç—É–∞—Ä–µ –≤ –†–µ–≤–¥–µ –°–≤–µ—Ä–¥–ª–æ–≤—Å–∫–æ–π –æ–±–ª–∞—Å—Ç–∏, —Å–æ–æ–±—â–∏–ª–∏ –≤ –ø—Ä–µ—Å—Å-—Å–ª—É–∂–±–µ —Ä–µ–≥–∏–æ–Ω–∞–ª—å–Ω–æ–π –ì–æ—Å–∞–≤—Ç–æ–∏–Ω—Å–ø–µ–∫—Ü–∏–∏. –î–≤–æ–µ –¥–µ—Ç–µ–π –ø–æ–≥–∏–±–ª–∏ –Ω–∞ –º–µ—Å—Ç–µ, –µ—â–µ –æ–¥–∏–Ω —Ä–µ–±–µ–Ω–æ–∫ –Ω–∞—Ö–æ–¥–∏—Ç—Å—è –≤ —Ä–µ–∞–Ω–∏–º–∞—Ü–∏–∏ –≤ —Ç—è–∂–µ–ª–æ–º —Å–æ—Å—Ç–æ—è–Ω–∏–∏. ¬´–ü–æ—Å–ª–µ –Ω–∞–µ–∑–¥–∞ –Ω–∞ –ø–µ—à–µ—Ö–æ–¥–æ–≤ –∞–≤—Ç–æ–º–æ–±–∏–ª—å –ø—Ä–æ–¥–æ–ª–∂–∏–ª –¥–≤–∏–∂–µ–Ω–∏–µ –∏ —Å–æ–≤–µ—Ä—à–∏–ª –Ω–∞–µ–∑–¥ –Ω–∞ –∑–¥–∞–Ω–∏–µ¬ª. –§–æ—Ç–æ: –ì–æ—Å–∞–≤—Ç–æ–∏–Ω—Å–ø–µ–∫—Ü–∏—è –°–≤–µ—Ä–¥–ª–æ–≤—Å–∫–æ–π –æ–±–ª–∞—Å—Ç–∏ üêö –°–∞–º—ã–µ –≤–∞–∂–Ω—ã–µ –Ω–æ–≤–æ—Å—Ç–∏ ‚Äî –≤ —Ç–µ–ª–µ–≥—Ä–∞–º-–∫–∞–Ω–∞–ª–µ –†–ë–ö"
rbc_news/134440,https://t.me/rbc_news/134440,"–ö–∞–∫ –ø–æ–ª—É—á–∞—Ç—å –¥–æ—Ö–æ–¥—ã –æ—Ç —Ñ–æ–Ω–¥–æ–≤–æ–≥–æ —Ä—ã–Ω–∫–∞ —á–µ—Ä–µ–∑ –º–µ—Ö–∞–Ω–∏–∑–º—ã –∑–∞—â–∏—Ç—ã –∫–∞–ø–∏—Ç–∞–ª–∞, —Ä–∞—Å—Å–∫–∞–∑–∞–ª–∏ –∑–∞–º–µ—Å—Ç–∏—Ç–µ–ª—å –≥–µ–Ω–µ—Ä–∞–ª—å–Ω–æ–≥–æ –¥–∏—Ä–µ–∫—Ç–æ—Ä–∞ ¬´–ê–ª—å—Ñ–∞–°—Ç—Ä–∞—Ö–æ–≤–∞–Ω–∏–µ ‚Äî –ñ–∏–∑–Ω—å¬ª –í–ª–∞–¥–∏–º–∏—Ä –ì—É–¥–µ –∏ –≥–µ–Ω–µ—Ä–∞–ª—å–Ω—ã–π –¥–∏—Ä–µ–∫—Ç–æ—Ä ¬´–ú–æ–∑–∞–∏–∫ –ú–µ–Ω–µ–¥–∂–º–µ–Ω—Ç¬ª –í–∞–ª–µ–Ω—Ç–∏–Ω–∞ –ï—Ä–º–æ–ª–∫–∏–Ω–∞. –†–µ–∫–ª–∞–º–∞. –û–û–û ¬´–ê–ª—å—Ñ–∞ –°—Ç—Ä–∞—Ö–æ–≤–∞–Ω–∏–µ ‚Äì –ñ–∏–∑–Ω—å¬ª"
rbc_news/134441,https://t.me/rbc_news/134441,"–ú–∏–Ω—Ñ–∏–Ω —Å–∫–æ—Ä—Ä–µ–∫—Ç–∏—Ä–æ–≤–∞–ª —É—Å–ª–æ–≤–∏—è —Å–µ–º–µ–π–Ω–æ–π –∏–ø–æ—Ç–µ–∫–∏. –ß—Ç–æ –∏–∑–º–µ–Ω–∏—Ç—Å—è –≤ 2026 –≥–æ–¥—É ‚ñ™Ô∏è–û–¥–Ω–∞ –ª—å–≥–æ—Ç–Ω–∞—è –∏–ø–æ—Ç–µ–∫–∞ –Ω–∞ —Å–µ–º—å—é –° 1 —Ñ–µ–≤—Ä–∞–ª—è 2026 –≥–æ–¥–∞ –≤–≤–æ–¥–∏—Ç—Å—è –ø—Ä–∞–≤–∏–ª–æ: –Ω–∞ —Å–µ–º—å—é —Ä–∞–∑—Ä–µ—à–∞—Ç –æ—Ñ–æ—Ä–º–∏—Ç—å —Ç–æ–ª—å–∫–æ –æ–¥–Ω—É –ª—å–≥–æ—Ç–Ω—É—é –∏–ø–æ—Ç–µ–∫—É. –°–æ–∑–∞–µ–º—â–∏–∫–∞–º–∏ –¥–æ–ª–∂–Ω—ã –±—ã—Ç—å –æ–±–∞ –≤–∑—Ä–æ—Å–ª—ã—Ö —á–ª–µ–Ω–∞ —Å–µ–º—å–∏. –ï—Å–ª–∏ –¥–æ—Ö–æ–¥–æ–≤ –¥–ª—è –æ–¥–æ–±—Ä–µ–Ω–∏—è –∫—Ä–µ–¥–∏—Ç–∞ –±—É–¥–µ—Ç –Ω–µ–¥–æ—Å—Ç–∞—Ç–æ—á–Ω–æ, –º–æ–∂–Ω–æ –ø—Ä–∏–≤–ª–µ–∫–∞—Ç—å —Ç—Ä–µ—Ç—å–∏—Ö –ª–∏—Ü. ‚ñ™Ô∏è–û–¥–Ω–∞ –ª—å–≥–æ—Ç–Ω–∞—è –∏–ø–æ—Ç–µ–∫–∞ –≤ –æ–¥–Ω–∏ —Ä—É–∫–∏ –†–∞–Ω–µ–µ –Ω–æ—Ä–º–∞ ¬´–æ–¥–Ω–∞ –ª—å–≥–æ—Ç–Ω–∞—è –∏–ø–æ—Ç–µ–∫–∞ –≤ –æ–¥–Ω–∏ —Ä—É–∫–∏¬ª –∫–∞—Å–∞–ª–∞—Å—å —Ç–æ–ª—å–∫–æ –æ–¥–Ω–æ–≥–æ –∑–∞–µ–º—â–∏–∫–∞. –¢–µ–ø–µ—Ä—å –ø–æ–¥ —ç—Ç–∏–º –±—É–¥—É—Ç –ø–æ–Ω–∏–º–∞—Ç—å –≤—Å—é —Å–µ–º—å—é. ‚ñ™Ô∏è–ë–æ–ª–µ–µ –≤—ã–≥–æ–¥–Ω–æ–µ —Ä–µ—Ñ–∏–Ω–∞–Ω—Å–∏—Ä–æ–≤–∞–Ω–∏–µ –∫–æ–º–±–æ-–∏–ø–æ—Ç–µ–∫–∏ –ö–æ–º–±–æ-–∏–ø–æ—Ç–µ–∫–∞ ‚Äî —ç—Ç–æ –∫–æ–≥–¥–∞ —á–∞—Å—Ç—å –∫—Ä–µ–¥–∏—Ç–∞ –±–µ—Ä–µ—Ç—Å—è –ø–æ –ª—å–≥–æ—Ç–Ω–æ–π —Å—Ç–∞–≤–∫–µ (–Ω–∞–ø—Ä–∏–º–µ—Ä, 6% –ø–æ —Å–µ–º–µ–π–Ω–æ–π –∏–ø–æ—Ç–µ–∫–µ), –∞ —á–∞—Å—Ç—å ‚Äî –ø–æ —Ä—ã–Ω–æ—á–Ω–æ–π. –° 1 —Ñ–µ–≤—Ä–∞–ª—è 2026 –≥–æ–¥–∞ –ø—Ä–∏ —Ä–µ—Ñ–∏–Ω–∞–Ω—Å–∏—Ä–æ–≤–∞–Ω–∏–∏ –±—É–¥—É—Ç —É—á–∏—Ç—ã–≤–∞—Ç—å –æ–±–µ —á–∞—Å—Ç–∏ –∫—Ä–µ–¥–∏—Ç–∞ ‚Äî –∏ –ª—å–≥–æ—Ç–Ω—É—é, –∏ —Ä—ã–Ω–æ—á–Ω—É—é. –≠—Ç–æ –ø–æ–∑–≤–æ–ª–∏—Ç —Å–Ω–∏–∑–∏—Ç—å –ø–ª–∞—Ç–µ–∂–∏ –∏ –≤—ã–±—Ä–∞—Ç—å –Ω–∞–∏–±–æ–ª–µ–µ –≤—ã–≥–æ–¥–Ω—ã–µ —É—Å–ª–æ–≤–∏—è, –≤–∫–ª—é—á–∞—è –≤–æ–∑–º–æ–∂–Ω–æ—Å—Ç—å —Å–º–µ–Ω—ã –±–∞–Ω–∫–∞. ‚ñ™Ô∏è–ö–∞–∫ –±—É–¥—É—Ç –æ–ø—Ä–µ–¥–µ–ª—è—Ç—å —Å—Ç–∞–≤–∫—É –ø—Ä–∏ —Ä–µ—Ñ–∏–Ω–∞–Ω—Å–∏—Ä–æ–≤–∞–Ω–∏–∏ –∫–æ–º–±–æ-–∏–ø–æ—Ç–µ–∫–∏ –ü–æ —Å–ª–æ–≤–∞–º –∑–∞–º–µ—Å—Ç–∏—Ç–µ–ª—è –≥–µ–Ω–¥–∏—Ä–µ–∫—Ç–æ—Ä–∞ ¬´–î–æ–º –†–§¬ª –ê–ª–µ–∫—Å–µ—è –ù–∏–¥–µ–Ω—Å–∞, –∏–∑–º–µ–Ω–µ–Ω–∏—è —Å–¥–µ–ª–∞–Ω—ã –¥–ª—è —Ç–æ–≥–æ, —á—Ç–æ–±—ã –ø–æ–≤—ã—Å–∏—Ç—å –∞–¥—Ä–µ—Å–Ω–æ—Å—Ç—å –≥–æ—Å–ø–æ–¥–¥–µ—Ä–∂–∫–∏ –∏ –ø–æ–º–æ—á—å —Å–µ–º—å—è–º —Å–Ω–∏–∑–∏—Ç—å –Ω–∞–≥—Ä—É–∑–∫—É –Ω–∞ –±—é–¥–∂–µ—Ç. –ö—Ä–µ–¥–∏—Ç–æ—Ä—ã –±—É–¥—É—Ç –≤—ã–¥–∞–≤–∞—Ç—å —Å–ø—Ä–∞–≤–∫—É —Å –∏–Ω—Ñ–æ—Ä–º–∞—Ü–∏–µ–π –æ–± –æ—Å—Ç–∞—Ç–∫–µ –ø–æ –æ–±–µ–∏–º —á–∞—Å—Ç—è–º –∫—Ä–µ–¥–∏—Ç–∞, –∞ –∑–∞–µ–º—â–∏–∫–∏ —Å–º–æ–≥—É—Ç –≤—ã–±—Ä–∞—Ç—å –æ–ø—Ç–∏–º–∞–ª—å–Ω—ã–µ —É—Å–ª–æ–≤–∏—è –¥–ª—è —Ä–µ—Ñ–∏–Ω–∞–Ω—Å–∏—Ä–æ–≤–∞–Ω–∏—è. ‚ñ™Ô∏è–ü–ª—é—Å—ã –∏ –º–∏–Ω—É—Å—ã –∏–∑–º–µ–Ω–µ–Ω–∏–π —É—Å–ª–æ–≤–∏–π –ª—å–≥–æ—Ç–Ω–æ–π –∏–ø–æ—Ç–µ–∫–∏ –≠–∫—Å–ø–µ—Ä—Ç—ã –Ω–∞–∑—ã–≤–∞—é—Ç –Ω–æ–≤—ã–π –ø–æ—Ä—è–¥–æ–∫ —Ä–µ—Ñ–∏–Ω–∞–Ω—Å–∏—Ä–æ–≤–∞–Ω–∏—è –ø–ª—é—Å–æ–º ‚Äî –æ–Ω –ø–æ–º–æ–∂–µ—Ç —Å–Ω–∏–∑–∏—Ç—å –Ω–∞–≥—Ä—É–∑–∫—É –Ω–∞ —Å–µ–º—å–∏ —Å –∫–æ–º–±–∏–Ω–∏—Ä–æ–≤–∞–Ω–Ω—ã–º–∏ –∫—Ä–µ–¥–∏—Ç–∞–º–∏. –ù–æ –æ–≥—Ä–∞–Ω–∏—á–µ–Ω–∏–µ –æ–¥–Ω–æ–π –∏–ø–æ—Ç–µ–∫–∏ –Ω–∞ —Å–µ–º—å—é –º–æ–∂–µ—Ç –≤—ã–∑–≤–∞—Ç—å —Ç—Ä—É–¥–Ω–æ—Å—Ç–∏: —Ç–µ–ø–µ—Ä—å –Ω–µ–ª—å–∑—è –±—É–¥–µ—Ç –æ—Ñ–æ—Ä–º–∏—Ç—å –ª—å–≥–æ—Ç–Ω—ã–π –∫—Ä–µ–¥–∏—Ç —Ç–æ–ª—å–∫–æ –Ω–∞ –æ–¥–Ω–æ–≥–æ —Å—É–ø—Ä—É–≥–∞, —á—Ç–æ–±—ã —Å–æ—Ö—Ä–∞–Ω–∏—Ç—å –ø—Ä–∞–≤–æ –≤—Ç–æ—Ä–æ–≥–æ. –≠—Ç–æ –º–æ–∂–µ—Ç –ø—Ä–∏–≤–µ—Å—Ç–∏ –∫ —Ñ–∏–∫—Ç–∏–≤–Ω—ã–º —Ä–∞–∑–≤–æ–¥–∞–º –∏ –∫—Ä–∞—Ç–∫–æ–≤—Ä–µ–º–µ–Ω–Ω–æ–º—É —Ä–æ—Å—Ç—É —Å–ø—Ä–æ—Å–∞ –Ω–∞ –∂–∏–ª—å—ë. #–∏–ø–æ—Ç–µ–∫–∞ –§–æ—Ç–æ: fizkes / Shutterstock / FOTODOM üêö–ß–∏—Ç–∞—Ç—å –†–ë–ö –ù–µ–¥–≤–∏–∂–∏–º–æ—Å—Ç—å –≤ Telegram"
rbc_news/134442,https://t.me/rbc_news/134442,"–ü–æ–ª–∏—Ü–∏—è –ú–æ–ª–¥–∞–≤–∏–∏ –ø—Ä–æ–≤–µ–ª–∞ –æ–±—ã—Å–∫–∏ —É –æ–ø–ø–æ–∑–∏—Ü–∏–∏ –≤ —Ä–∞–º–∫–∞—Ö –¥–µ–ª–∞ –æ –ø–æ–¥–≥–æ—Ç–æ–≤–∫–µ –º–∞—Å—Å–æ–≤—ã—Ö –±–µ—Å–ø–æ—Ä—è–¥–∫–æ–≤. –ü—Ä–∞–≤–æ–æ—Ö—Ä–∞–Ω–∏—Ç–µ–ª–∏ –∑–∞–¥–µ—Ä–∂–∞–ª–∏ –ø—Ä–µ–¥—Å–µ–¥–∞—Ç–µ–ª—è –†—ã—à–∫–∞–Ω—Å–∫–æ–≥–æ —Ä–∞–π–æ–Ω–∞ –í–ª–∞–¥–∏–º–∏—Ä–∞ –ú–∏–∑–¥—Ä–µ–Ω–∫–æ –∏ –º—É–Ω–∏—Ü–∏–ø–∞–ª—å–Ω–æ–≥–æ —Å–æ–≤–µ—Ç–Ω–∏–∫–∞ –∏–∑ –ë–µ–ª—å—Ü –ú–∞–∫—Å–∏–º–∞ –ú–æ—Ä–æ—à–∞–Ω—É. –û–±–∞ —è–≤–ª—è—é—Ç—Å—è —á–ª–µ–Ω–∞–º–∏ –æ–ø–ø–æ–∑–∏—Ü–∏–æ–Ω–Ω–æ–π –ü–∞—Ä—Ç–∏–∏ —Å–æ—Ü–∏–∞–ª–∏—Å—Ç–æ–≤ –†–µ—Å–ø—É–±–ª–∏–∫–∏ –ú–æ–ª–¥–æ–≤–∞ (–ü–°–†–ú), –ø–∏—à–µ—Ç –∏–∑–¥–∞–Ω–∏–µ Noi. md. –ö–∞–∫ —Ä–∞—Å—Å–∫–∞–∑–∞–ª–∏ –≤ –ø—Ä–µ—Å—Å-—Å–ª—É–∂–±–µ –ø–æ–ª–∏—Ü–∏–∏ –ú–æ–ª–¥–∞–≤–∏–∏, –≤—Å–µ–≥–æ –æ–±—ã—Å–∫–∏ –ø—Ä–æ—à–ª–∏ —É —à–µ—Å—Ç–∏ —á–µ–ª–æ–≤–µ–∫ –≤ –≤–æ–∑—Ä–∞—Å—Ç–µ –æ—Ç 28 –¥–æ 44 –ª–µ—Ç, –ø—Ä–æ–∂–∏–≤–∞—é—â–∏—Ö –≤ –ë–µ–ª—å—Ü–∞—Ö, –°—ã–Ω–∂–µ—Ä–µ—è—Ö –∏ –†—ã—à–∫–∞–Ω–∞—Ö. –í –∏—Ö —Ö–æ–¥–µ –ø—Ä–∞–≤–æ–æ—Ö—Ä–∞–Ω–∏—Ç–µ–ª–∏ –∏–∑—ä—è–ª–∏ –º–æ–±–∏–ª—å–Ω—ã–µ —Ç–µ–ª–µ—Ñ–æ–Ω—ã, —Å–∏–º-–∫–∞—Ä—Ç—ã, –ø–∏—Å—Ç–æ–ª–µ—Ç –¢–¢, –æ—Ö–æ—Ç–Ω–∏—á—å–µ —Ä—É–∂—å–µ –∏ 3 —Ç—ã—Å. —Å–µ—Ä–±—Å–∫–∏—Ö –¥–∏–Ω–∞—Ä–æ–≤. –ü–æ –≤–µ—Ä—Å–∏–∏ —Å–ª–µ–¥—Å—Ç–≤–∏—è, —Å –∏—é–ª—è 2025 –≥–æ–¥–∞ —É—á–∞—Å—Ç–Ω–∏–∫–∏ –æ—Ä–≥–∞–Ω–∏–∑–æ–≤–∞–Ω–Ω–æ–π –≥—Ä—É–ø–ø—ã –∑–∞–Ω–∏–º–∞–ª–∏—Å—å –ø–æ–¥–≥–æ—Ç–æ–≤–∫–æ–π –º–∞—Å—Å–æ–≤—ã—Ö –±–µ—Å–ø–æ—Ä—è–¥–∫–æ–≤ –≤ —Å—Ç—Ä–∞–Ω–µ, –∫–æ–æ—Ä–¥–∏–Ω–∏—Ä—É—è —Å–≤–æ–∏ –¥–µ–π—Å—Ç–≤–∏—è –≤ –º–µ—Å—Å–µ–Ω–¥–∂–µ—Ä–∞—Ö WhatsApp (–ø—Ä–∏–Ω–∞–¥–ª–µ–∂–∏—Ç Meta, –ø—Ä–∏–∑–Ω–∞–Ω–Ω–æ–π —ç–∫—Å—Ç—Ä–µ–º–∏—Å—Ç—Å–∫–æ–π –∏ –∑–∞–ø—Ä–µ—â–µ–Ω–Ω–æ–π –≤ –†–æ—Å—Å–∏–∏) –∏ Telegram. –ß–ª–µ–Ω—ã –≥—Ä—É–ø–ø—ã –ø–æ–ª—É—á–∞–ª–∏ –∏–Ω—Å—Ç—Ä—É–∫—Ü–∏–∏ –ø–æ –Ω–∞–ø–∞–¥–µ–Ω–∏—è–º –Ω–∞ –≥–æ—Å—É–¥–∞—Ä—Å—Ç–≤–µ–Ω–Ω—ã–µ –æ–±—ä–µ–∫—Ç—ã, –∞ –∑–∞ —É—á–∞—Å—Ç–∏–µ –∏–º –≤—ã–ø–ª–∞—á–∏–≤–∞–ª–∏ –≤–æ–∑–Ω–∞–≥—Ä–∞–∂–¥–µ–Ω–∏–µ –Ω–∞–ª–∏—á–Ω—ã–º–∏ –∏–ª–∏ —á–µ—Ä–µ–∑ —ç–ª–µ–∫—Ç—Ä–æ–Ω–Ω—ã–µ –∫–æ—à–µ–ª—å–∫–∏. –ü–∞—Ä—Ç–∏—è —Å–æ—Ü–∏–∞–ª–∏—Å—Ç–æ–≤ –†–µ—Å–ø—É–±–ª–∏–∫–∏ –ú–æ–ª–¥–æ–≤–∞ –≤—ã–ø—É—Å—Ç–∏–ª–∞ –∑–∞—è–≤–ª–µ–Ω–∏–µ –ø–æ—Å–ª–µ –ø—Ä–æ—à–µ–¥—à–∏—Ö –æ–±—ã—Å–∫–æ–≤. –í –Ω–µ–º –ø–∞—Ä—Ç–∏—è –æ—Ç–≤–µ—Ä–≥–ª–∞ –≤—Å–µ –æ–±–≤–∏–Ω–µ–Ω–∏—è, –∞ –¥–µ–π—Å—Ç–≤–∏—è –ø–æ–ª–∏—Ü–∏–∏ –Ω–∞–∑–≤–∞–ª–∞ ¬´–æ—á–µ—Ä–µ–¥–Ω–æ–π –≤–æ–ª–Ω–æ–π –ø–æ–ª–∏—Ç–∏—á–µ—Å–∫–∏—Ö —Ä–µ–ø—Ä–µ—Å—Å–∏–π¬ª. üêö –î—Ä—É–≥–∏–µ –≤–∏–¥–µ–æ —ç—Ç–æ–≥–æ –¥–Ω—è ‚Äî –≤ —Ç–µ–ª–µ–≥—Ä–∞–º-–∫–∞–Ω–∞–ª–µ –†–ë–ö"
rbc_news/134444,https://t.me/rbc_news/134444,–£–ø—Ä–∞–≤–ª–µ–Ω–∏–µ –°–ö –†–æ—Å—Å–∏–∏ –ø–æ –°–≤–µ—Ä–¥–ª–æ–≤—Å–∫–æ–π –æ–±–ª–∞—Å—Ç–∏ –≤–æ–∑–±—É–¥–∏–ª–æ —É–≥–æ–ª–æ–≤–Ω–æ–µ –¥–µ–ª–æ –ø–æ —Ñ–∞–∫—Ç—É –≥–∏–±–µ–ª–∏ –¥–≤—É—Ö –¥–µ–≤–æ—á–µ–∫ –ø—Ä–∏ –Ω–∞–µ–∑–¥–µ –∞–≤—Ç–æ–º–æ–±–∏–ª—è –≤ –†–µ–≤–¥–µ. üêö –ß–∏—Ç–∞—Ç—å –†–ë–ö –≤ Telegram
rbc_news/134445,https://t.me/rbc_news/134445,"–í —Ü–µ–Ω—Ç—Ä–µ –ü–µ—Ç–µ—Ä–±—É—Ä–≥–∞ –≥–æ—Ä–∏—Ç –ø—è—Ç–∏—ç—Ç–∞–∂–Ω–æ–µ –∑–¥–∞–Ω–∏–µ –Ω–∞ –Ω–∞–±–µ—Ä–µ–∂–Ω–æ–π –§–æ–Ω—Ç–∞–Ω–∫–∏, 59, —Å–æ–æ–±—â–∏–ª–∏ –≤ –≥–ª–∞–≤–∫–µ –ú–ß–° –ø–æ –≥–æ—Ä–æ–¥—É. –ü–æ –¥–∞–Ω–Ω—ã–º –∏–∑ –æ—Ç–∫—Ä—ã—Ç—ã—Ö –∏—Å—Ç–æ—á–Ω–∏–∫–æ–≤, –∑–¥–µ—Å—å —Ä–∞—Å–ø–æ–ª–∞–≥–∞–µ—Ç—Å—è –∏–∑–¥–∞—Ç–µ–ª—å—Å—Ç–≤–æ ¬´–õ–µ–Ω–∏–∑–¥–∞—Ç¬ª, –∏–∑–≤–µ—Å—Ç–Ω–æ–µ —Ç–∞–∫–∂–µ –∫–∞–∫ –î–æ–º –ø—Ä–µ—Å—Å—ã. ¬´–í –∑–¥–∞–Ω–∏–∏ —Ä–∞–∑–º–µ—Ä–æ–º 20 –Ω–∞ 30 –º–µ—Ç—Ä–æ–≤ –≥–æ—Ä–∏—Ç –æ–±—Å—Ç–∞–Ω–æ–≤–∫–∞¬ª. –ü–æ–∂–∞—Ä–Ω—ã–µ —É—Ç–æ—á–Ω—è—é—Ç –ø–ª–æ—â–∞–¥—å –≤–æ–∑–≥–æ—Ä–∞–Ω–∏—è. –ù–∞ –º–µ—Å—Ç–µ ‚Äî —á–µ—Ç—ã—Ä–µ –µ–¥–∏–Ω–∏—Ü—ã —Ç–µ—Ö–Ω–∏–∫–∏ –∏ –¥–≤–∞ –¥–µ—Å—è—Ç–∫–∞ —Å–ø–∞—Å–∞—Ç–µ–ª–µ–π. –ü–æ –¥–∞–Ω–Ω—ã–º —Ç–µ–ª–µ–∫–∞–Ω–∞–ª–∞ ¬´78¬ª, –ø–æ–∂–∞—Ä —Ç—É—à–∞—Ç –ø–æ –ø–æ–≤—ã—à–µ–Ω–Ω–æ–º—É –Ω–æ–º–µ—Ä—É —Å–ª–æ–∂–Ω–æ—Å—Ç–∏. –ü—Ä–µ–¥–≤–∞—Ä–∏—Ç–µ–ª—å–Ω–æ, –≤ –ø–æ–º–µ—â–µ–Ω–∏–∏, –≥–¥–µ –Ω–∞—á–∞–ª—Å—è –ø–æ–∂–∞—Ä, –Ω–∞—Ö–æ–¥—è—Ç—Å—è –ª–∞–∫–∏ –∏ –∫—Ä–∞—Å–∫–∏. üêö –î—Ä—É–≥–∏–µ –≤–∏–¥–µ–æ —ç—Ç–æ–≥–æ –¥–Ω—è ‚Äî –≤ —Ç–µ–ª–µ–≥—Ä–∞–º-–∫–∞–Ω–∞–ª–µ –†–ë–ö"
